2129776448,,,1,223623,1,,,,47.27355,-122.24712,,98001,,,3,,,,Algona,,,,,,,,420 Washington Blvd
62944351,,,1,262650,1,1,,,47.280732,-122.254639,,98001,,,4,,,,Algona,,,,,,,,115 2nd Ave N.
2122626653,TRUE,,1,343577,1,1,,,47.27407,-122.25248,,98001,,,4,,1,,Algona,,1,,,,,,432 Tacoma Blvd.
49142611,,,1,252336,,1,,,47.273147,-122.247584,,98001,,,3,,,,Algona,,,,,,,,447 Washington Blvd. S.
48867904,,,,177493,,,,,47.282925,-122.251756,,98001,,,2,,,,Algona,,,,,,,,313 4th Ave North
60963455,,,,272607,,,,,47.281743,-122.247453,,98001,,,4,,,,Algona,,,,,,,,429 Iron Ave
2129776448,,,1,223623,1,,,,47.27355,-122.24712,,98001,,,3,,,,Algona,,,,,,,,420 Washington Blvd
2115655918,,,,339352,,1,,,47.375751,-122.223526,,98001,,,3,,,,Algona,,,,,,,,822 Chicago Ave. N.
48867625,,,1,195554,,,,,47.292217,-122.251623,,98001,,,3,,,,Algona,,,,,,,,314 11th Ave N.
,,,,,1,,,,,,,98002,,,2,,,,Auburn,,,,,,,1,1921 C St SE
2127443804,,,,225160,,1,,,47.32994,-122.27339,,98001,,,2,,,,Auburn,,,,,,,,4702 S. 302nd Ln.
2127443804,,,,225160,1,1,,,47.32994,-122.27339,,98001,,,3,,,,Auburn,,,,,,,,4702 S. 302nd Ln.
49019065,,,1,412958,1,,,,47.283016,-122.223344,,98002,,,2,,,,Auburn,,,,,,,,2830 D PL SE
,,,,,,,,,,,,98002,,,1,,,,Auburn,,,,,,,,1420 17th St. SE
,,,,,,,,,,,,98002,,,2,,,,Auburn,,,,,,,,1420 17th St SE
,,,,,,,,,,,,98002,,,2,,,,Auburn,,,,,,,,1420 17th St SE
2120874853,,,1,None,,1,,,47.288879,-122.176841,,98092,,,1,,,,Auburn,,1,,,,,1,3702 Auburn Way S.
2120874853,,,1,None,,1,,,47.288879,-122.176841,,98092,,,3,,,,Auburn,,1,,,,,1,3702 Auburn Way S.
84759553,,,1,322009,,1,,,47.351195,-122.215388,,98002,,,5,,,,Auburn,,,,,,,,4909 L Ct NE
48718453,,,1,82736,,1,,,47.33733,-122.217963,,98002,,,2,,,,Auburn,,,,,,,,3436 - I Street NE
48664791,,,,254581,,,,,47.28533,-122.223795,,98002,,,2,,,,Auburn,,,,,,,,2601 D Street SE
,,,,,,,,,,,,98002,,,3,,,,Auburn,,,,,,,,704 L. St SE
48890470,,1,,158407,1,1,,,47.269451,-122.288661,,98001,,,4,,,,Auburn,,,,,,,,3424 S 369th Place
48862427,,,,268017,,,,,47.313179,-122.187605,,98092,,,4,,,,Auburn,,,,,,,,11516 SE 322nd Pl
,,,1,,,1,,,,,,98002,,,2,,,,Auburn,,,,,,,,405 M St. NE
62922568,,,,304784,,,,,47.329392,-122.168606,,98092,,,4,,,,Auburn,,,,,,,,12958 SE 305th Place
,,,,,,1,,,,,,98092,,,2,,,,Auburn,,,,,,,,2429 Poplar Street East
,,,,,,1,,,,,,98002,,,2,,,,Auburn,,,,,,,,220 Ellingson Drive
,,,1,,,,,,,,,98002,,,1,,,,Auburn,,,,,,,,812 10th St NE
,,,1,,,,,,,,,98002,,,0,,,,Auburn,,,,,,,,812 10th St NE
,,,1,,,,,,,,,98002,,,2,,,,Auburn,,,,,,,,812 10th St NE
2111196221,,,1,81376,1,,,,47.287445,-122.22306,,98002,,,1,,,,Auburn,,,,,,,1,23rd & D Street SE
48931215,,,1,144954,1,1,,,47.316766,-122.184058,,98092,,,3,,,,Auburn,,,,,,,,31813 118th PL SE
48841390,,,1,470325,,,,,47.276129,-122.222619,,98002,,,2,,,,Auburn,,,,,1,,,429 37 Street SE
49031593,,,,581529,,,,,47.274442,-122.223667,,98002,,,2,,,,Auburn,,,,,,,1,3802 D Pl. SE
48931280,,,,151739,,,,,47.31639,-122.182744,,98092,,,4,,,,Auburn,,,,,,,,11827 SE 318th Pl
59924340,,,1,217844,,1,,,47.294173,-122.225779,,98002,,,3,,,,Auburn,,,,,,,,219 16th St SE
,,,,,,1,,,,,,98003,,,2,,,,Auburn,,,,,,,,9xx 28th Street NE
,,,1,,1,,,,,,,98002,,,1,,1,1,Auburn,,1,,,,,1,102 10th Street NE
48841421,,,1,501181,1,,,,47.276131,-122.215237,,98002,,,2,,,,Auburn,,,,,,,,1004 37th St SE
48734716,,,,213670,,,,,47.287055,-122.218884,,98002,,,4,,,,Auburn,,1,,,,,,2400 H St SE
48861000,,,1,194407,,1,,,47.28434,-122.220284,,98002,,,4,,,,Auburn,,,,,,,,640 27th St SE
,,,,,1,,,,,,,98002,,,1,,,,Auburn,,,,,,,1,402 21st St. SE
,,,,,1,,,,,,,98002,,,2,,,,Auburn,,,,,,,1,402 21st St. SE
48718408,,,1,83046,,,,,47.33733,-122.217963,,98002,,,1,,,,Auburn,,,,,,,,1902 A St. SE
48749040,,,1,216364,,1,,,47.316349,-122.19536,,98092,,,4,,,,Auburn,,,,,,,,31831 110TH Ave SE
49032556,,,,190451,,,,,47.30694,-122.215805,,98002,,,4,,,,Auburn,,,,,,,,104 K Street SE
,,,,,,,,,,,,98002,,,2,,,,Auburn,,,,,,,,2810 D Street SE
49115671,,,,255442,,,,,47.299886,-122.220198,,98002,,,4,,,,Auburn,,,,,,,,610 9th Street SE
2104174798,,,,None,,,,,47.314418,-122.201988,,98092,,,1,,,,Auburn,,,,,,,,32115 105th Place SE
2104174798,,,,None,,,,,47.314418,-122.201988,,98092,,,2,,,,Auburn,,,,,,,,32115 105th Place SE
2104174798,,,,None,,,,,47.314418,-122.201988,,98092,,,3,,,,Auburn,,,,,,,,32115 105th Place SE
,,,1,,,1,,,,,,98002,,,3,,,,Auburn,,,,,,,1,336 S Division Street
49031605,,,,314274,,,,,47.27393,-122.222365,,98002,,,2,,,,Auburn,,1,,,,,1,3850 D Place, SE
,,,1,,,1,,,,,,98023,,,3,1,,,Auburn,,,,,,,,2445 Poplar Street SE
48659321,,,,256108,,,,,47.339616,-122.270093,,98001,,,3,,,,Auburn,,,,,,,1,29224 51st Ave S.
49138209,,,,196207,,1,,,47.308293,-122.212404,,98002,,,2,,,,Auburn,,,,,,,,1247 East Main
,,,,,1,,,,,,,98002,,,2,,,,Auburn,,,,,,,1,2810 D Street SE
,,,,,,1,,,,,,98047,,,2,,,,Auburn,,,,,,,1,218 3rd Ave S
48814312,,,1,212300,,,,,47.293485,-122.187101,,98092,,,3,,,,Auburn,,,,,,,1,3065 17th St SE
,,,1,,,1,,,,,,98002,,,1,,,,Auburn,,,,,,,,3740 H Street NE
,,,1,,,1,,,,,,98002,,,2,,,,Auburn,,,,,,,,3740 H Street NE
,,,1,,,1,,,,,,98002,,,3,,,,Auburn,,,,,,,,3740 H Street NE
,,,1,,,,,,,,,98002,,,3,,,,Auburn,,,,,,,,Near 37th SE & M St.
,,,,,,,,,,,,98002,,,0,,,,Auburn,,,,,,,,504 25th Street SE
,,,,,,,,,,,,98002,,,1,,,,Auburn,,,,,,,,504 25th Street SE
,,,,,,,,,,,,98002,,,3,,,,Auburn,,,,,,,,504 25th Street SE
2120874853,,,1,None,,1,,,47.288879,-122.176841,,98092,,,2,,,,Auburn,,1,,,,,1,3702 Auburn Way S.
2120874853,,,1,None,,,,,47.288879,-122.176841,,98092,,,2,,,,Auburn,,1,,,,,1,3702 Auburn Way S.
67405686,,,,358152,1,,,,47.326679,-122.219072,,98002,,,3,,,,Auburn,,,,,,,,2234 I St NE
,,,,,,,,,,,,98002,,,2,,,,Auburn,,,,,,,,634 L Pl. SE
48841413,,,,323759,1,1,,,47.283053,-122.216575,,98002,,,3,,,,Auburn,,,,,1,,,905 29TH St. SE
48718408,,,1,83046,,,,,47.33733,-122.217963,,98002,,,2,,,,Auburn,,,,,,,,1902 A St. SE
48718408,,,1,83046,,,,,47.33733,-122.217963,,98002,,,2,,,,Auburn,,,,,,,,1902 A St. SE
48718408,,,1,83046,,,,,47.33733,-122.217963,,98002,,,3,,,,Auburn,,,,,,,,1902 A St. SE
,,,1,,1,,,,,,,98092,,,2,,,,Auburn,,,,,,,,3611 Auburn Way S.
2103589999,,,1,None,1,,,,47.28775,-122.1801,,98092,,,1,,,,Auburn,,,,,,,1,3605 Auburn Way S.
,,,1,,1,1,,,,,,98002,,,2,,,,Auburn,,,,,,,,245 15th St. SE
58385271,,,,361671,,1,,,47.323896,-122.184523,,98092,,,5,,,,Auburn,,,,,,,,31014 117th Pl SE
49032579,,,,174266,1,1,,,47.305379,-122.21383,,98002,,,2,,,,Auburn,,,,,,,1,229 M St SE
48720275,,,1,252700,,,,,47.339604,-122.280611,,98001,,,5,,,,Auburn,,,,,,,,29135 43rd Ave S
48948743,,,1,528300,,1,,,47.327258,-122.22024,,98002,,,2,,,,Auburn,,,,,,,,2247 I St NW
,,,1,,,,,,,,,98001,,,3,,,,Auburn,,,,,,,,349th
49016051,,,,187695,,1,,,47.301116,-122.217593,,98002,,,3,,,,Auburn,,,,,,,1,901 8th St SE
,,1,1,,1,,,,,,,98002,,,0,,1,,Auburn,,,,,,,,12 'B' Street NE
,,1,1,,1,,,,,,,98002,,,0,,1,,Auburn,,,,,,,,12 'B' Street NE
,,1,1,,1,,,,,,,98002,,,1,,1,,Auburn,,,,,,,,12 'B' Street NE
,,1,1,,1,,,,,,,98002,,,1,,1,,Auburn,,,,,,,,12 B Street NE
,,,,,1,,,,,,,98002,,,2,,1,,Auburn,,,,,,,,950 14th St NE
,,,,,1,,,,,,,98002,,,3,,1,,Auburn,,,,,,,,950 14th St NE
,,,,,,1,,,,,,98001,,,6,,,,Auburn,,,,,,,,11219 S.e. 316th Place
49113182,,,1,288715,,1,,,47.316648,-122.253185,,98001,,,4,,,,Auburn,,,,,,,,906 R Street NW
48720746,,,,208987,,1,,,47.330905,-122.284491,,98001,,,3,,,,Auburn,,,,,,,1,3819 South 302nd Street
48907487,,,1,204247,,,,,47.34558,-122.275372,,98001,,,3,,,,Auburn,,,,,,,,4613 S 285th Pl.
,,,,,,1,,,,,,98002,,,2,,,,Auburn,,,,,,,,220 Ellingson Drive
48841406,,,1,439152,,,,,47.275174,-122.218939,,98002,,,2,,,,Auburn,,,,,,,,712 37th St. SE
,,,,,,,,,,,,98002,,,2,,,,Auburn,,,,,,,,1301 31st St SE
,,,,,,,,,,,,98002,,,2,,,,Auburn,,,,,,,,1501 21st SE
49052053,,,,227943,,1,,,47.331465,-122.275974,,98001,,,3,,,,Auburn,,,,,,,,30036 46th Ave S
48890110,,,,262943,,,,,47.265438,-122.285907,,98001,,,4,,,,Auburn,,,,,,,,37433 38th Ave South
,,,1,,1,,,,,,,98002,,,5,,,,Auburn,,,,,,,,1111 4th St. NE
48841405,,,,434761,,,,,47.27545,-122.218939,,98002,,,2,,,,Auburn,,,,,,,,716 37th St SE
48937967,,,1,221675,,1,,,47.317747,-122.211109,,98002,,,4,,,,Auburn,,,,,,,,1031 Pike St NE
48841406,,,1,439152,,,,,47.275174,-122.218939,,98002,,,2,,,,Auburn,,,,,,,,712 37th St. SE
49031599,,,,411852,,1,,,47.274471,-122.221988,,98002,,,2,,,,Auburn,,,,,,,,3826 D Place SE
,,,1,,,1,,,,,,98092,,,4,,,,Auburn,,,,,,,1,2431 Popular St. SE
48975199,,,1,392866,,,,,47.309107,-122.190025,,98092,,,2,,,,Auburn,,,,,,,,11311 SE 326th Pl.
,,,,,,1,,,,,,98092,,,5,,,,Auburn,,,,,,,,1763 S. 53rd St
2117898276,,,1,200196,1,1,,,47.326202,-122.208743,,98002,,,2,,,,Auburn,,1,,,,,,1605 22nd St NE
48834165,,,1,509241,1,1,,,47.329078,-122.212137,,98002,,,3,,,,Auburn,,1,,,,,,2422 N Street NE
,,,1,,,,,,,,,98002,,,6,,,,Auburn,,,,,,,1,1111 4th St. NE
49097689,,,1,290782,1,,,,47.294547,-122.216345,,98002,,,4,,,,Auburn,,1,,,,,,1510 J St SE
80121365,,,,256796,,,,,47.320171,-122.200081,,98092,,,3,,,,Auburn,,,,,,,,31420 106th Pl SE
80121365,,,,256796,,,,,47.320171,-122.200081,,98092,,,2,,,,Auburn,,,,,,,,31420 106th Pl SE
80121365,,,,256796,,,,,47.320171,-122.200081,,98092,,,3,,,,Auburn,,,,,,,,31420 106th Pl SE
49309291,,,1,271146,,1,,,47.252982,-122.206696,,98092,,,4,,,,Auburn,,,,,,,,1807 62nd Ct. SE
48931278,,,1,149149,,,,,47.316563,-122.182663,,98092,,,3,,,,Auburn,,,,,,,1,11823 SE 318th Pl
2118257176,,,,437596,,,,,47.289518,-122.110675,,98092,,,5,,,,Auburn,,,,,,,,11615 SE 319th Court
48720609,,,1,282346,,,,,47.336056,-122.281619,,98001,,,6,,,,Auburn,,,,,,,,29630 41st Pl. S
80121365,,,,256796,,,,,47.320171,-122.200081,,98092,,,2,,,,Auburn,,,,,,,,31420 106th Pl SE
60972652,,,,174555,,,,,47.277939,-122.213668,,98002,,,3,,,,Auburn,,,,,,,,3411 M Pl SE Unit B
68478207,,,,184433,,,,,47.306522,-122.209201,,98002,,,3,,,,Auburn,,,,,,,,301 Pike St SE #101
48834128,,,1,265754,,1,,,47.328043,-122.214389,,98002,,,3,,,,Auburn,,,,,,,1,2313 M Street NE
48931342,,,,193462,,1,,,47.317422,-122.184053,,98092,,1,3,,,,Auburn,,,,,,,1,31711 118th Pl. SE
49034127,,,1,297152,,1,,,47.284599,-122.200299,,98002,,,4,,,,Auburn,,,,,,,,2207 28th Ct SE
80121365,,,,256796,,,,,47.320171,-122.200081,,98092,,,3,,,,Auburn,,,,,,,,31420 106th Pl SE
48834179,,,1,442318,1,,,,47.327567,-122.212134,,98002,,,2,,1,,Auburn,,,,,,,,2301 O St. NE
48750931,,,,373755,1,,,,47.30533,-122.205859,,98002,,,2,,,,Auburn,,,,,,,1,303 T Street SE
48967090,,,,229597,,,,,47.321301,-122.288304,,98001,,,3,,,,Auburn,,,,,,,,3515 So 312 Place
63339666,TRUE,,1,284410,,,,,47.335433,-122.171895,,98092,,,4,1,,1,Auburn,TRUE,,,,,,,12702 SE 297th Ct
48956998,,,1,282224,,,,,47.290657,-122.225612,,98002,,,3,,,,Auburn,,,,,,,,219 21st Pl. SE
48834151,,1,1,238180,,1,,,47.328358,-122.213401,,98002,,,2,,,,Auburn,,,,,,,,2402 NE St.
,,,,,,,,,,,,98002,,,3,,,,Auburn,,,,,,,,10209 SE 330th St.
54829517,,,,304550,,1,,,47.319027,-122.188123,,98092,,,5,,,,Auburn,,,,,,1,,31580 115th Ave SE
,,,1,,,,,,,,,98002,,,5,,,,Auburn,,,,,,,1,1111 4th St. NE
84760639,,,,257283,,,,,47.351936,-122.213432,,98002,,,3,,,,Auburn,,,,,,,,1317 50th St NE
48841404,,,,434339,,1,,,47.275373,-122.219479,,98002,,,2,,,,Auburn,,,,,,,,702 37th Street SE
54829517,,,,304550,,1,,,47.319027,-122.188123,,98092,,,4,,,,Auburn,,,,,,1,,31580 115th Ave SE
,,,1,,,,,,,,,98092,,,5,,,,Auburn,,,,,,,,299th Place
49018528,,,1,190595,1,,,,47.283885,-122.21112,,98002,,,3,,,,Auburn,,1,,,,,,1308 28th St. SE
84755353,,,,115470,1,1,,,47.27505,-122.221713,,98002,,,2,,,,Auburn,,,,,,,1,514 37t St SE
99344049,,,,211201,,1,,,47.252119,-122.227787,,98092,,,3,,,,Auburn,,,,,,,,118 61st Pl Se.
,,,1,,1,1,,,,,,98002,,,2,,,,Auburn,,,,,,,1,245 15th St SE
63335073,,,,149368,,1,,,47.283418,-122.223188,,98002,,,2,,,,Auburn,,,,,,,,2818 D Place SE
53469954,TRUE,,1,295967,,1,,,47.318257,-122.188912,,98092,,,5,1,,,Auburn,TRUE,,,,,,,31613 115th Ave SE
63334340,,,1,124259,,,,,47.328527,-122.224886,,98002,,,2,,,,Auburn,,,,,,,,3402 I St NE
80116230,,,1,142573,,,,,47.320657,-122.199949,,98092,,,3,,,,Auburn,,,,,,,1,31510 SE 106th Pl
48760353,,,,193074,,1,,,47.31105,-122.212967,,98002,,,3,,,,Auburn,,,,,,,1,308 M St. NE
48765655,,,1,333118,1,,,,47.27797,-122.22541,,98002,,,3,,,,Auburn,,1,,,,,,3405 C Court SE
48899332,,,,251380,,,,,47.343813,-122.287239,,98001,,,3,,,,Auburn,,,,,,,,28554 36th Ave S
62944083,,,,304065,,,,,47.335792,-122.265127,,98001,,,4,,,,Auburn,,,,,,,,5506 s 296th pl
48720776,,,1,238574,1,,,,47.331067,-122.281812,,98001,,,3,,,,Auburn,,,,,,,,30208 41st Ave South
2118588150,,,1,None,,,,,47.325557,-122.177772,,98092,,,2,,,,Auburn,,,,,,,,30819 124th Ave SE
2118588150,,,1,None,,,,,47.325557,-122.177772,,98092,,,3,,,,Auburn,,,,,,,,30819 124th Ave SE
2118588150,,,1,None,,,,,47.325557,-122.177772,,98092,,,4,,,,Auburn,,,,,,,,30819 124th Ave SE
48720972,,,,220739,,,,,47.27573,-122.153135,,98092,,,3,,,,Auburn,,,,,,,,5706 37th St SE
48960974,,,,255309,,,,,47.292222,-122.22475,,98002,,,2,,,,Auburn,,,,,,,,1814 C Street SE
48734741,,,1,193323,,,,,47.287643,-122.219459,,98002,,,3,,,,Auburn,,,,,,,1,706 23rd St SE
,,,1,,1,,,,,,,98002,,,2,,1,1,Auburn,,1,,,,,1,102 10th Street NE
48814299,,,,193135,1,,,,47.292753,-122.189488,,98092,,,3,,,,Auburn,,,,,,,,2935 18th St. S.e.
48665064,,,1,93272,1,1,,,47.277233,-122.214132,,98002,,,3,,,,Auburn,,,,,,,,802 37th St. S
2112503203,,,,214408,,,,,47.277889,-122.213729,,98002,,,3,,,,Auburn,,,,,,,,3409 M Place SE
63334381,,1,1,167919,1,1,,,47.277233,-122.214132,,98002,,,2,,,,Auburn,,,,,,,1,1101 37th Street SE
48905347,,,1,166585,,,,,47.305691,-122.236463,,98001,,,3,,,,Auburn,,,,,,,,212 F Street SW
48960948,,,1,247029,,1,,,47.293106,-122.22618,,98002,,,2,,,,Auburn,,,,,,,1,1715 C St SE
49031601,,,,412197,,,,,47.274314,-122.22154,,98002,,,2,,,,Auburn,,,,,,,1,3834 D Pl. SE
49031602,,,,415414,,,,,47.274037,-122.221497,,98002,,,2,,,,Auburn,,,,,,,1,3838 D Pl. SE
48960974,,,,255309,,,,,47.292222,-122.22475,,98002,,,2,,,,Auburn,,,,,,,,1814 C Street SE
48948774,,,,397110,,,,,47.326615,-122.219089,,98002,,,2,,,,Auburn,,,,,,,,901 22nd St NE
,,,1,,1,1,,,,,,98002,,,2,,,,Auburn,,,,,,,,245 15th St. SE
,,,1,,1,1,,,,,,98002,,,2,,,,Auburn,,,,,,,,245 15th St. SE
,,,1,,1,1,,,,,,98002,,,2,,,,Auburn,,,,,,,,245 15th St. SE
67697475,,,1,305218,,1,,,47.338026,-122.173864,,98092,,,3,,1,1,Auburn,,,,,1,,,12570 SE 295th St
2123037515,,,,298516,,1,,,47.263449,-122.223617,,98092,,,5,,,,Auburn,,,,,,,,436 50th St. SE
112896994,,,1,None,1,1,,,47.304737,-122.21099,,98002,,,2,,,,Auburn,,,,,,,,1330 3rd.St. SE
,,,1,,,1,,,,,,98002,,,2,,,,Auburn,,,,,,,,938 28th St. NE
48948746,,,1,None,,,,,47.32819,-122.22025,,98002,,,2,,,,Auburn,,,,,,,,802 24th st ne
2137319859,,,1,305479,,,,,47.2632,-122.2166,,98092,,,4,,,,Auburn,,,,,,,,424 51st St SE
48890652,,,,161809,,1,,,47.289212,-122.270648,,98001,,,3,,,,Auburn,,,,,,,1,34818 S Military Rd
,,1,,,1,,,,,,,98092,,,3,,,,Auburn,,,,,,,1,222 Hawthorne Ave
,,,,,,,,,,,,98002,,,3,,,,Auburn,,,,,,,,32646 56th Ave S
54279130,,,1,329252,,1,,,47.333871,-122.173505,,98092,,,5,,,,Auburn,,,,,,,,12538 SE 299th Pl.
,,,,,,,,,,,,98002,,,3,,,,Auburn,,,,,,,1,2435 Poplar St. Se.
2136575978,,,,740228,,1,,,47.293755,-122.226136,,98002,,,3,,,,Auburn,,,,,,,1,221 17th St. Se.
48948759,,,,471043,1,,,,47.329415,-122.219125,,98002,,,2,,,,Auburn,,,,,,,,2502 I Street
48948759,,,,471043,1,,,,47.329415,-122.219125,,98002,,,2,,,,Auburn,,,,,,,,2502 I Street
48948759,,,,471043,1,,,,47.329415,-122.219125,,98002,,,2,,,,Auburn,,,,,,,,2502 I Street
48948760,,,,457748,1,,,,47.329416,-122.218661,,98002,,,2,,,,Auburn,,,,,,,,2510 I Street
48948760,,,,457748,1,,,,47.329416,-122.218661,,98002,,,2,,,,Auburn,,,,,,,,2510 I Street
48948760,,,,457748,1,,,,47.329416,-122.218661,,98002,,,2,,,,Auburn,,,,,,,,2510 I Street
48948750,,,,481901,1,,,,47.329193,-122.220282,,98002,,,2,,,,Auburn,,,,,,,,2451 I Street
48948750,,,,481901,1,,,,47.329193,-122.220282,,98002,,,2,,,,Auburn,,,,,,,,2451 I Street
48948750,,,,481901,1,,,,47.329193,-122.220282,,98002,,,2,,,,Auburn,,,,,,,,2451 I Street
48834174,,,,463398,,,,,47.327589,-122.211146,,98002,,,3,,,,Auburn,,,,,,,1,2220 O Street, NE
48834174,,,,463398,,,,,47.327589,-122.211146,,98002,,,2,,,,Auburn,,,,,,,1,2220 O Street, NE
48834174,,,,463398,,,,,47.327589,-122.211146,,98002,,,2,,,,Auburn,,,,,,,1,2220 O Street, NE
48834174,,,1,463398,,,,,47.327589,-122.211146,,98002,,,3,,,,Auburn,,,,,,,1,2220 O Street, NE
48834163,,,,466238,,,,,47.328606,-122.211819,,98002,,,3,,,,Auburn,,,,,,,1,2414 N Street, NE
48834163,,,,466238,,,,,47.328606,-122.211819,,98002,,,3,,,,Auburn,,,,,,,1,2414 N Street, NE
48834163,,,,466238,,,,,47.328606,-122.211819,,98002,,,3,,,,Auburn,,,,,,,,2414 N Street, NE
48834163,,,,466238,,,,,47.328606,-122.211819,,98002,,,3,,,,Auburn,,,,,,,1,2414 N Street, NE
84757223,,,1,384237,,,,,47.258945,-122.258483,,98047,,,3,,,,Auburn,,,,,,,,586 Beaver Blvd.
48862511,,,,257981,,1,,,47.310468,-122.190876,,98092,,,4,,,,Auburn,,,,,,,,11234 SE 325th Court
,,,1,,,,1,,,,,98002,,,2,,,,Auburn,,,,,,,1,225 10th Pl SE
,,,1,,,1,,,,,,98002,,,2,,,,Auburn,,1,,,,,,221 D St SE
,,,1,,,,,,,,,98002,,,2,,,,Auburn,,,,,,,,2247 I Street NE #2
48795814,,,1,418789,,,,,47.295645,-122.21386,,98002,,,2,,,,Auburn,,,,,,,,1309 M St SE
49031604,,,1,415859,,,,,47.273921,-122.222077,,98002,,,2,,,,Auburn,,,,,,,,3846 D Pl SE
48689842,,,,477633,,,,,47.282531,-122.208319,,98002,,,2,,,,Auburn,,,,,,,,1540 29th St SE
,,,1,,,,,,,,,98002,,,2,,,,Auburn,,,,,,,1,1301 31st St. SE
,,,1,,,,,,,,,98002,,,2,,,,Auburn,,,,,,,,150 121st St. SE
,,,1,,,,,,,,,98002,,,2,,,,Auburn,,,,,,,,150 121st St. SE
48907535,,,1,229926,,,,,47.344755,-122.275685,,98001,,,2,,,,Auburn,,,,,,,1,28614 46th Ave. S
89208166,,,1,167759,1,,,,47.304239,-122.205815,,98002,,,3,,,,Auburn,,,,,,,,422 V Place SE
48959801,,,1,None,,,,,47.324466,-122.217149,,98002,,,2,,,,Auburn,,,,,,,,1011 18th St. NE
,,,,,,1,,,,,,98002,,,3,,,,Auburn,,,,,,,,1821 C PL SE #A
48858803,,,,328251,,,,,47.296583,-122.161444,,98092,,,5,,,,Auburn,,,,,,,,34012 135th Ave SE
48960982,,,,247994,,1,,,47.293029,-122.224769,,98002,,,2,,,,Auburn,,,,,,,,1718 C. Place SE
48981202,,,,236628,,,,,47.326848,-122.274527,,98001,,,3,,,,Auburn,,,,,,,,30715 48th Ave. S
48834165,,,,509241,,,,,47.329078,-122.212137,,98002,,,3,,,,Auburn,,,,,,,,2422 N St. NE
60876444,,,,386166,,,,,47.31513,-122.270595,,98001,,,5,,,,Auburn,,,,,,,,31933 52nd Ave S
49031863,,,1,228143,,,,,47.305984,-122.224376,,98002,,,4,,,,Auburn,,,,,,,,125 D St SE
48948774,,,,397110,,,,,47.326615,-122.219089,,98002,,,2,,,,Auburn,,,,,,,,901 22nd St Ne
,,,,,1,,,,,,,98092,,,4,,,,Auburn,,,,,,,,121st Ave SE
49138023,,,1,234478,,,,,47.334657,-122.290709,,98001,,,3,,,,Auburn,,,,,,,,3233 South 298th Street
54830704,,,,176251,1,1,,,47.302703,-122.223794,,98002,,,3,,,,Auburn,,1,,,,,,504 D Street SE
48890773,,,,242622,1,,,,47.285897,-122.280036,,98001,,,5,,,,Auburn,,,,,,,,4231 S 352nd Street
,,,1,,,,,,,,,98002,,,3,,,,Auburn,,,,,,,,2306 N St NE #102
49089085,,,1,246441,,1,,,47.335106,-122.28468,,98001,,,6,,,,Auburn,,,,,,,,29724 39th Place South
63087192,,,,188971,,,,,47.317448,-122.20343,,98092,,,3,,,,Auburn,,,,,,,,31900 104th Ave SE
48750995,,1,1,312693,1,,,,47.312105,-122.207046,,98002,,1,1,,,1,Auburn,,,1,,,,1,1615 4th St. NE
,,,1,,,,,,,,,98002,,,3,,,,Auburn,,,,,,,,2306 N St NE #2
48834159,,,1,None,,,,,47.327583,-122.21255,,98002,,,3,,,,Auburn,,,,,,,,2306 N St NE
48959801,,,1,None,,,,,47.324466,-122.217149,,98002,,,2,,,,Auburn,,,,,,,,1011 18th St. NE
49031603,,,,416683,,,,,47.273879,-122.221711,,98002,,,2,,,,Auburn,,,,,,,1,3842 D Pl. SE
54466294,,,1,397275,,,,,47.330134,-122.180541,,98092,,,5,,,,Auburn,,,,,,,,30385 121st Pl.
111705480,,,1,356708,,1,,,47.287287,-122.177272,,98092,,,4,,,,Auburn,,,,,,,,2407 Redwood Ct.
49031605,,,1,314274,,,,,47.27393,-122.222365,,98002,,,2,,,,Auburn,,,,,,,1,3850 D Place, SE
68478709,,,,183353,,,,,47.30652,-122.209201,,98002,,,3,,,,Auburn,,,,,,,,303 Pike Street SE
80261346,,,,305438,,,,,47.286481,-122.281805,,98001,,,5,,,,Auburn,,,,,,,,35094 41st Place South
,,,1,,1,,,,,,,98002,,,3,,,,Auburn,,,,,,,,1583 8th st NE Unita Auburn WA 98002
48891160,,,,174780,,,,,47.276279,-122.260042,,98001,,,3,,,,Auburn,,,,,,,,35950 West Valley Hwy South
48959678,,,,214094,,1,,,47.309934,-122.233861,,98001,,,5,,1,,Auburn,,,,,,,,226 D St NW
2112503203,,,,214408,,,,,47.277889,-122.213729,,98002,,,3,,,,Auburn,,,,,,,,3409 M Place SE
,,,,,,,,,,,,98224,,,2,,,,Baring,,,,,,,,63620 NE 194th Place
48763995,,,1,182963,,1,,,47.620071,-122.123805,,98008,,,1,,,,Bellevue,,,,,,,1,16330 NE 11th Street
48763995,,,1,182963,,1,,,47.620071,-122.123805,,98008,,,1,,,,Bellevue,,,,,,,1,16330 NE 11th Street
48763995,,,1,182963,,1,,,47.620071,-122.123805,,98008,,,2,,,,Bellevue,,,,,,,1,16330 NE 11th Street
48763995,,,1,182963,,1,,,47.620071,-122.123805,,98008,,,2,,,,Bellevue,,,,,,,1,16330 NE 11th Street
48763995,,,1,182963,,1,,,47.620071,-122.123805,,98008,,,2,,,,Bellevue,,,,,,,1,16330 NE 11th Street
48763995,,,1,182963,,1,,,47.620071,-122.123805,,98008,,,2,,,,Bellevue,,,,,,,1,16330 NE 11th Street
48763995,,,1,182963,,1,,,47.620071,-122.123805,,98008,,,3,,,,Bellevue,,,,,,,1,16330 NE 11th Street
48763995,,,1,182963,,1,,,47.620071,-122.123805,,98008,,,3,,,,Bellevue,,,,,,,1,16330 NE 11th Street
48763995,,,1,182963,,1,,,47.620071,-122.123805,,98008,,,3,,,,Bellevue,,,,,,,1,16330 NE 11th Street
48774845,,,,444437,,,,,47.549923,-122.188766,,98006,,,2,,,,Bellevue,,,,,,,1,11324 60th St.
48682991,,,,140297,,,,,47.637954,-122.145488,,98007,,,2,,,,Bellevue,,,,,,,1,14556 NE 31st St
48854738,,,1,670359,,1,,,47.605695,-122.169074,,98005,,,6,,,,Bellevue,,,,,,,,430 128th Ave SE
,,1,1,,1,1,1,,,,,98004,,1,0,,,,Bellevue,,,,,,1,,11018 NE 11th St.
,,1,1,,1,,1,,,,,98004,,1,1,,,,Bellevue,,,,,,,1,11018 NE 11th St.
,,1,1,,1,,1,,,,,98004,,,2,,,,Bellevue,,,,,,1,1,11018 NE 11th St.
,,,,,,,,,,,,98008,,,1,,,,Bellevue,,,,,,,1,16053 NE 8th St
,,,,,,,,,,,,98008,,,2,,,,Bellevue,,,,,,,1,16053 NE 8th St.
,,,,,,,,,,,,98008,,,2,,,,Bellevue,,,,,,,1,16053 NE 8th St.
48784162,,,1,524261,1,,,,47.571403,-122.132488,,98006,,,3,,1,,Bellevue,,,,,,,,15461 42nd Street
,,,,,1,1,,,,,,98006,,,3,,,,Bellevue,,1,,,,,,12121 SE 60th St
,,,,,,1,,,,,,98007,,,2,,,,Bellevue,,,,,,,,14710 NE 1st Pl.
48715826,,1,1,1171438,,1,,,47.633861,-122.180209,,98005,,,3,,,,Bellevue,,,,,,,,2633 120th Ave NE
2123950333,,,,None,,,,,47.62785,-122.13605,,98007,,,0,,,,Bellevue,,,,,,,1,15301 NE 20th St
,,,,,1,1,,,,,,98007,,,4,,,,Bellevue,,,,,,,,822 141st Place SE
49015826,,,,228117,,1,,,47.650404,-122.145253,,98007,,,2,,,,Bellevue,,,,,,,1,14600 NE 45th St
2123950333,,,,None,,,,,47.62785,-122.13605,,98007,,,1,,,,Bellevue,,,,,,,1,15301 NE 20th St
2123950333,,,,None,,,,,47.62785,-122.13605,,98007,,,2,,,,Bellevue,,,,,,,1,15301 NE 20th St
2123950333,,,,None,,,,,47.62785,-122.13605,,98007,,,2,,,,Bellevue,,,,,,,1,15301 NE 20th St
,,1,1,,,,,,,,,98007,,,1,,,,Bellevue,,1,,,,,,15517 NE 12th Street
,,1,1,,,,,,,,,98007,,,2,,,,Bellevue,,1,,,,,,15517 NE 12th Street
,,,1,,,1,,,,,,98007,,,2,,,,Bellevue,,,,,,,,548 156th Ave SE
,,,1,,1,,,,,,,98006,,,1,,,,Bellevue,,,,,,,,5900 119th Ave SE
,,,1,,1,1,,,,,,98006,,,2,,,,Bellevue,,,,,,,,5900 119th Ave SE
,,,1,,1,,,,,,,98006,,,3,,,,Bellevue,,,,,,,,5900 119th Ave SE
,,,,,,,,,,,,98007,,,1,,1,,Bellevue,,,,,,,,14700 NE 29th Place
,,,,,,,,,,,,98007,,,2,,1,,Bellevue,,,,,,,,14700 NE 29th Place
,,,,,,,,,,,,98007,,,2,,1,,Bellevue,,,,,,,,14700 NE 29th Place
,,,,,,,,,,,,98007,,,3,,,,Bellevue,,,,,,,,14700 NE 29th Place
,,,1,,,,,,,,,98008,,,1,,1,,Bellevue,,1,,,,,,16241 NE 13th Pl
,,,1,,,,,,,,,98008,,,2,,,,Bellevue,,,,,,,,16241 NE 13th Pl
,,,,,,,,,,,,98007,,,1,,,,Bellevue,,,,,,,,3809 148th Ave NE
,,,,,,,,,,,,98007,,,1,,,,Bellevue,,,,,,,,3809 148th Ave NE
,,,,,,,,,,,,98007,,,2,,,,Bellevue,,,,,,,,3809 148th Ave NE
,,,,,,,,,,,,98007,,,2,,,,Bellevue,,,,,,,,3809 148th Ave NE
,,,,,,,,,,,,98007,,,1,,,,Bellevue,,,,,,,,3809 148th Ave NE
,,,,,,,,,,,,98007,,,0,,,,Bellevue,,,,,,,,3809 148th Ave NE
,,,,,,,,,,,,98008,,,3,,,,Bellevue,,,,,,,,16240 NE 14th St
,,,,,,,,,,,,98008,,,2,,,,Bellevue,,,,,,,,16240 NE 14th St - Cedar
,,,,,,,,,,,,98008,,,1,,,,Bellevue,,,,,,,,16240 NE 14th St - Maple
,,,,,,,,,,,,98008,,,1,,,,Bellevue,,,,,,,,16240 NE 14th St - Oak
,,,,,,,,,,,,98008,,,2,,,,Bellevue,,,,,,,,16240 NE 14th St - Pine
,,,,,,,,,,,,98008,,,2,,,,Bellevue,,,,,,,,16240 NE 14th St - Spruce
,,,,,,,,,,,,98008,,,0,,,,Bellevue,,,,,,,,16240 NE 14th St
,,,1,,,1,,,,,,98007,,,2,,,,Bellevue,,,,,,,,2627 148th Ave SE
,,,,,,,,,,,,98006,,,1,,,,Bellevue,,,,,,,,4087 129th Place SE
,,,,,,,,,,,,98006,,,2,,,,Bellevue,,,,,,,,4087 129th Place SE
,,,,,,,,,,,,98006,,,3,,,,Bellevue,,,,,,,,4087 129th Place SE
,,,,,,,,,,,,98006,,,4,,,,Bellevue,,,,,,,,4087 129th Place SE
48913354,,,,402406,1,,,,47.607835,-122.125876,,98008,,,3,,,,Bellevue,,,,,,,,161 160th Pl SE
,,1,1,,1,1,,,,,,98007,,,1,,,,Bellevue,,,,,,,1,15220 Main Street
,,,1,,,1,,,,,,98006,,,2,,,,Bellevue,,,,,,,,12839 SE 40th Place
48997886,,,1,182502,1,1,,,47.622851,-122.135114,,98007,,,1,,,,Bellevue,,,,,,,,1420 153rd Avenue NE
,,,,,,,,,,,,98008,,,1,,,,Bellevue,,,,,,,,16240 NE 14th St - Madrona
,TRUE,,,,,1,,,,,,98004,,,1,,,,Bellevue,,,,,,,1,9925 NE 1st Street
48675765,,,,612017,1,1,,,47.599462,-122.198575,,98004,,,5,,,,Bellevue,,,,,,,,1114 Bellvue Way SE
48997886,,,,182502,,1,,,47.622851,-122.135114,,98007,,,1,,,,Bellevue,,,,,,,,1420 153rd Ave NE
48927675,,,,300535,1,1,,,47.570873,-122.102105,,98008,,,3,,,,Bellevue,,,,,,,,4115 178th Lane SE
,,,,,,,,,,,,98004,,,2,,,,Bellevue,,,,,,,,436 102nd Ave. SE
,,,,,,,,,,,,98004,,,3,,,,Bellevue,,,,,,,,436 102nd Ave. SE
,,,,,,,,,,,,98005,,,1,,,,Bellevue,,,,,,,,1027 140th Ave. SE
,,,,,,,,,,,,98005,,,2,,,,Bellevue,,,,,,,,1027 140th Ave. SE
48683234,,,1,176440,,,,,47.640297,-122.145123,,98007,,,3,,,,Bellevue,,,,,,,,14625 NE 34th St.
,,,,,,1,,,,,,98007,,,1,,,,Bellevue,,,,,,,,14710 NE 1st Pl.
,,,1,,,,,,,,,98006,,,2,,,,Bellevue,,,,,,,,12840 SE 40ty Ct
48742125,,,1,640806,,1,,,47.634312,-122.170007,,98005,,,5,,,,Bellevue,,,,,,,,2624 127th Ave NE
48685242,,,1,862931,,1,,,47.624382,-122.198758,,98004,,,5,,,,Bellevue,,,,,,,,1515 106th Ave NE
,,,1,,1,1,,,,,,98007,,,3,,,,Bellevue,,,,,,,,14521 NE 6th Pl #2
108800891,,,1,605801,,1,,,47.635438,-122.168115,,98005,,,4,1,,,Bellevue,,,,,,,,12923 NE 29th St.
49077386,,,1,1159736,1,1,,,47.615478,-122.146182,,98007,,,2,,,,Bellevue,,,,,,,,14521 NE 6th Pl
49077386,,,1,1159736,1,1,,,47.615478,-122.146182,,98007,,,3,,,,Bellevue,,,,,,,,14521 NE 6th Pl
49077386,,,1,1159736,1,1,,,47.615478,-122.146182,,98007,,,2,,,,Bellevue,,,,,,,,14521 NE 6th Pl
48770007,,,,421744,,,,,47.581259,-122.112857,,98008,,,3,,,,Bellevue,,,,,,,,3215 West Lk Sammamish Pkway SE
48743481,,,1,568332,,1,,,47.624075,-122.139525,,98007,,,5,,,,Bellevue,,,,,,,,15026 NE 16th St.
,,,1,,1,1,,,,,,98004,,,3,,,,Bellevue,,,,,,,1,520 Bellevue Way SE
63336313,,,,603088,,,,,47.632909,-122.150969,,98005,,,3,,,,Bellevue,,,,,,,,2440 140th Ave NE
,,,1,,1,1,,,,,,98004,,,2,,,,Bellevue,,,,,,,1,520 Bellevue Way SE
48944513,,,,584897,,1,,,47.586329,-122.172427,,98005,,,3,,,,Bellevue,,,,,,,,12446 SE 27th Street
,,,1,,,1,,,,,,98008,,,5,,,,Bellevue,,,,,,,1,16517 NE 16th Place
2133609284,,,1,410182,,1,,,47.569406,-122.132725,,98006,,,2,,,,Bellevue,,,,,,,,4254 155th Place Se.
48912438,,,1,477752,1,,,,47.562509,-122.184138,,98006,,,3,,1,,Bellevue,,,,,,,,11625 SE 47th Street
48784948,,1,,389897,,,,,47.56424,-122.137807,,98006,,,3,,,,Bellevue,,,,,,,,4568 151st Ave. SE
,,,,,1,,,,,,,98006,,,0,,,,Bellevue,,,,,,,,4220 Factoria Boulevard SE
,,,,,1,,,,,,,98006,,,1,,,,Bellevue,,,,,,,,4220 Factoria Boulevard SE
,,,,,1,,,,,,,98006,,,2,,,,Bellevue,,,,,,,,4220 Factoria Boulevard SE
,,,,,1,1,,,,,,98007,,,2,,,,Bellevue,,,,,,,,825 156th Ave NE
,,,,,,,,,,,,98007,,,1,,,,Bellevue,,,,,,,,14111 SE 6th Street
,,,,,1,1,,,,,,98007,,,1,,,,Bellevue,,,,,,,,825 156th Ave NE
48658400,,,,666639,,1,,,47.636679,-122.169166,,98005,,,1,,,,Bellevue,,,,,,,,2913 129th Ave NE
2109278233,,,1,452381,,1,,,47.618175,-122.172378,,98005,,,1,,,,Bellevue,,,,,,,,12640 NE 10th Place
2109278233,,,1,452381,,1,,,47.618175,-122.172378,,98005,,,2,,,,Bellevue,,,,,,,,12640 NE 10th Place
48913080,,,,492015,1,,,,47.606166,-122.118963,,98008,,,3,,,,Bellevue,,,,,,,,16621 Lake Hills Blvd
48683491,,,,972781,,,,,47.607538,-122.199724,,98004,,,1,,,,Bellevue,,,,,,,,318 105th Ave SE
,,,1,,,1,,,,,,98007,,,2,,,,Bellevue,,,,,,,1,113 146 Ave SE
48832130,,1,,259833,1,,,,47.640975,-122.144413,,98007,,,2,,,,Bellevue,,,,,,,,14713 NE 35th St
48987644,,,,571991,,,,,47.633231,-122.17476,,98005,,,4,,,,Bellevue,,,,,,,,2523 124th Place NE
48662807,,,1,461107,,,,,47.631566,-122.120803,,98008,,,4,,,,Bellevue,,,,,,,,2404 165th Place NE
48829861,,,1,6731276,,1,,,47.618024,-122.174152,,98005,,,1,,,,Bellevue,,,,,,,,900 124th Ave NE
48829861,,,1,6731276,,1,,,47.618024,-122.174152,,98005,,,2,,,,Bellevue,,,,,,,,900 124th Ave NE
,,1,1,,1,,1,1,,,,98008,,1,1,,,1,Bellevue,,,,,,,1,16000 NE 8th St.
48702640,,,1,797418,1,,,,47.618918,-122.105047,,98008,,,1,,,,Bellevue,,,,,,,,931 177th Avenue, NE
48944563,,,1,851318,,,,,47.622771,-122.206163,,98004,,,4,,,,Bellevue,,,,,,,1,10032 NE 13th St.
49006607,,1,1,1871776,,1,,,47.635619,-122.176381,,98005,,,1,,,,Bellevue,,,,,,,1,2800 122nd Pl. NE
49005450,,1,1,622695,,,,,47.597596,-122.121267,,98008,,,3,,,,Bellevue,,,,,,,,16326 SE 15th Street
,,,1,,,1,,,,,,98007,,,1,,,,Bellevue,,,,,,,,1450 154th Ave NE
49077364,,,,801093,1,,,,47.616797,-122.147749,,98007,,,3,,,,Bellevue,,,,,,,,14326 NE 7TH PL
48832136,,,,264061,,,,,47.640975,-122.144413,,98007,,,2,,1,,Bellevue,,,,,,,,14641 NE 35 St.
,,,,,,,,,,,,98007,,,2,,,,Bellevue,,,,,,,,14111 SE 6th Street
,,,,,,,,,,,,98007,,,2,,,,Bellevue,,,,,,,,14111 SE 6th Street
48784279,,,1,338940,1,,,,47.570396,-122.140916,,98006,,,4,,,,Bellevue,,,,,,,1,4218 150th Ave SE
48756929,,,,599052,,,,,47.568628,-122.128054,,98006,,,4,,,,Bellevue,,,,,,,,15911 SE 43rd St.
48858445,,,,357561,,,,,47.621396,-122.11961,,98008,,,4,,,,Bellevue,,,,,,,,1318 165th Ave NE
48927629,,,,264683,,,,,47.571152,-122.1021,,98008,,,2,,,,Bellevue,,,,,,,,4165 178th Lane SE
,,,,,,,,,,,,98007,,,3,,,,Bellevue,,,,,,,,14111 SE 6th Street
,,,,,,,,,,,,98010,,,2,,,,Black Diamond,,,,,,,1,32022 Morgan Dr.
48930695,,,1,250755,,1,,,47.312393,-121.99783,,98010,,,3,,,,Black Diamond,,,,,,,,32512 Newcastle Dr.
52842299,,,,238328,,,,,47.745908,-122.180994,,98011,,,2,,,,Bothell,,,,,,,,16231 119th Pl
,,,1,,,,,,,,,98011,,,1,,,,Bothell,,,,,,,1,9834 NE 190th St.
,,,1,,,,,,,,,98011,,,2,,,,Bothell,,,,,,,1,9834 NE 190th St.
,,,1,,,,,,,,,98011,,,3,,,,Bothell,,,,,,,1,9834 NE 190th St.
48769865,,,,411324,1,,,,47.764898,-122.208422,,98011,,,3,,,,Bothell,,,,,,,,18824 Bothell Way NE
38539202,,,1,246933,1,1,,,47.853205,-122.228819,,98012,,,3,,,,Bothell,,,,,,,,219 160th St S
72067561,,,,407036,,,,,47.856969,-122.184558,,98012,,,3,,,,Bothell,,,,,,,,15429 36th Ave SE
,,,1,,,,,,,,,98021,,,2,,,,Bothell,,,,,,,,2129 Maltby Rd.
,,,1,,,,,,,,,98021,,,3,,,,Bothell,,,,,,,,2129 Maltby Rd.
,,,1,,,,,,,,,98021,,,4,,,,Bothell,,,,,,,,2129 Maltby Rd.
72073052,,,1,174376,,,,,47.862582,-122.180097,,98012,,,2,,,,Bothell,,,,,,,,14915 38th Ave.
,,,1,,,,,,,,,98012,,,1,,,,Bothell,,,,,,,1,20415 Bothell Everett Hwy.
,,,1,,,,,,,,,98012,,,2,,,,Bothell,,,,,,,1,20415 Bothell Everett Hwy.
,,,1,,,,,,,,,98012,,,3,,,,Bothell,,,,,,,1,20415 Bothell Everett Hwy
,,,,,,,,,,,,98012,,,1,,,,Bothell,,,,,,,,20415 Bothell Everett Hwy
,,1,,,1,,1,,,,,98011,,1,1,,,,Bothell,,1,,,,,,10130 W Riversidedrive
,,,1,,,1,,,,,,98012,,,4,,,,Bothell,,,,,,,,17716 Bothell Everett Hwy
,,,1,,1,1,,,,,,98012,,,3,,,,Bothell,,,,,,,,17716 Bothell Everett Hwy
,,,1,,1,,,,,,,98012,,,2,,,,Bothell,,,,,,,,17716 Bothell Everett Hwy
38459890,,,,352452,,1,,,47.791274,-122.179149,,98021,,,3,,,,Bothell,,,,,1,,,4029 228th St
48742496,,1,1,None,1,,,1,47.748768,-122.176399,,98011,,1,1,,,1,Bothell,,,,,,,1,16714 122 Place NE
92419454,,,,586883,,1,,,47.796285,-122.182372,,98021,,,4,,,,Bothell,,,,,,,,3801 222nd Pl SE
38546165,,,1,372558,,,,,47.81447,-122.2153,,98012,,,5,,,,Bothell,,,,,,,,20215 12th Drive S.E.
38511712,,,1,416749,,1,,,47.856326,-122.228645,,98012,,,4,,,,Bothell,,,,,,,,15608 3rd Ave. SE
48692071,,1,1,4053991,1,,,,47.761677,-122.198551,,98011,,1,0,,,,Bothell,,,,,1,,,10605 NE 185th St
48692071,,1,1,4053991,1,,,,47.761677,-122.198551,,98011,,1,1,,,,Bothell,,,,,1,,,10605 NE 185th St
48927880,TRUE,1,1,411243,,1,,,47.493777,-122.221693,,98178,,,3,,,,Bryn Mawr-Skyway,,1,,,,,1,8804 So 122nd St
49046951,,,1,297335,,,,,47.488524,-122.238,,98178,,1,4,,,,Bryn Mawr-Skyway,,,,,,,,12744 76th Ave. S.
48697395,,1,1,280191,,1,,,47.494691,-122.2494,,98178,,1,4,,,,Bryn Mawr-Skyway,,,,,,,,12035 68th Ave. S
48932140,,,1,233987,,,,,47.501033,-122.257756,,98178,,,4,,,,Bryn Mawr-Skyway,,,,,,,,11402 61st Ave S.
48711297,,,1,260805,,1,,,47.493761,-122.226779,,98178,,,2,,,,Bryn Mawr-Skyway,,,,,,,,8419 s 122nd st
48711210,,,1,203946,,,,,47.494777,-122.223451,,98178,,,3,,,,Bryn Mawr-Skyway,,,,,,,,12017 87th Ave S
49058903,,,,246691,,,,,47.499378,-122.256247,,98178,,,4,,,,Bryn Mawr-Skyway,,,,,,,,11542 62nd Ave S
48767557,,,1,398764,,,,,47.465018,-122.348253,,98166,,,2,,,,Burien,,,,,,,,1024 SW 154th St
49048957,,,1,297069,,,,,47.451131,-122.377366,,98166,,,3,,,,Burien,,,,,,,1,3538 SW 171st
48651564,,,1,502832,,,,,47.487328,-122.334433,,98146,,,2,,,,Burien,,,,,,,,12918 1st Ave SW
2120090515,,,,None,,,,,47.501213,-122.300354,,98168,,,0,,,,Burien,,,,,,,,11301 26th Avenue S
2120090515,,,,None,,,,,47.501213,-122.300354,,98168,,,2,,,,Burien,,,,,,,,11301 26th Avenue S
48712501,,,1,440075,,,,,47.464822,-122.345472,,98166,,,2,,,,Burien,,,,,,,,821 SW 154th St
,,,1,,,,,,,,,98146,,,1,,,,Burien,,,,,,,,230 S 156th St
48767558,,,,399738,1,,,,47.465014,-122.347916,,98166,,,2,,,,Burien,,,,,,,1,1014 SW 154th
,,,,,,,,,,,,98166,,,2,,,,Burien,,,,,,,,149 SW 160th St
,,1,1,,1,1,,,,,,98148,,,1,,,,Burien,,,,,,1,1,400 S 152nd St.
48723359,,,,173656,,,,,47.460545,-122.337805,,98166,,,1,,,,Burien,,,,,,,1,15510 6TH Ave. SW
,,,,,,,,,,,,98166,,,4,,,,Burien,,,,,,,1,1919 SW Hillcrest Rd
48806180,,,,245898,,,,,47.456516,-122.35751,,98166,,,3,,,,Burien,,,,,,,1,16312 19th Ave SW
,,,1,,,1,,,,,,98148,,,2,,,,Burien,,,,,,,,400 S 152nd st
2107508201,,,1,None,,,,,47.484306,-122.347923,,98146,,,1,,,,Burien,,,,,,,,13218 Ambaum Blvd SW
2123950388,,,,None,1,1,,,47.462646,-122.339683,,98166,,,0,1,,,Burien,,,,,,,,411 SW Ambaum Blvd
,,,,,1,,,,,,,98166,,,1,,,,Burien,,,,,,,,15525 4th Ave Sw
,,,,,,1,,,,,,98166,,,2,1,,,Burien,,,,,,,,15610 4th Ave Sw
48935424,,,1,201136,,1,,,47.478297,-122.347564,,98166,,,3,,,,Burien,,,,,,,1,865 SW 139th St
,,,,,1,,,,,,,98166,,,1,,1,,Burien,,1,,,,,,15237 21st Ave SW
,,,,,1,,,,,,,98168,,,1,,,,Burien,,,,,,,,13041 12th Ave. SW
,,,,,1,,,,,,,98168,,,2,,,,Burien,,,,,,,,13041 12th Ave. SW
2116167015,,,,None,1,,,,47.497631,-122.310485,,98168,,,1,1,1,,Burien,,,,,,,,1807 S. 118th St.
,,1,,,1,,1,,,,,98166,,1,1,,,,Burien,,,,,,,1,430 SW 154th St.
,,,1,,,1,,,,,,98148,,,3,,,,Burien,,,,,,,,400 S 152nd st
48868606,,,,258733,1,1,,,47.497776,-122.322476,,98168,,,5,,,,Burien,,,,,,,,11730 8th Ave South
48943406,,,1,241206,,1,,,47.47967,-122.332133,,98168,,,3,,,,Burien,,1,,,,,1,13654 Occidental Ave S
48698736,,,1,357883,,1,,,47.500847,-122.308272,,98168,,,3,,,,Burien,,,,,,,1,11415 20th Ave. S.
48653297,,,,208798,,1,,,47.483922,-122.322634,,98168,,,3,,,,Burien,,,,,,,,13234 8th Avenue S
48712183,,,,252525,,,,,47.472566,-122.324936,,98168,,,4,,,,Burien,,,,,,,,604 S 146th St
48761183,,,1,654473,,,,,47.483115,-122.349572,,98146,,,4,,1,,Burien,,,,,,,,1128 SW 134th Street
48733959,,,,242288,1,1,,,47.48185,-122.332132,,98168,,,3,,,,Burien,,,,,,,,13440 Occidental Avenue South
2116167015,TRUE,,1,None,1,,,,47.497631,-122.310485,,98168,,,2,1,1,,Burien,,,,,,,,1807 S. 118th St.
,,,,,1,,,,,,,98166,,,2,,,,Burien,,,,,,,,15525 4th Ave Sw
,,,,,,1,,,,,,98166,,,1,1,,,Burien,,,,,,,,15610 4th Ave Sw
,,,,,,1,,,,,,98166,,,2,1,,,Burien,,,,,,,,15610 4th Ave Sw
,,,,,,,,,,,,98148,,,1,,,,Burien,,,,,,,,446 S 152nd St.
,,,,,,,,,,,,98148,,,2,,,,Burien,,,,,,,,446 S. 152nd St.
,,,,,1,,,,,,,98146,,,1,,1,,Burien,,,,,,,,135 SW 116th St
,,,,,1,,,,,,,98146,,,2,,1,,Burien,,,,,,,,135 SW 116th Street
,,,,,1,,,,,,,98146,,,3,,1,,Burien,,,,,,,,135 SW 116th Street
2121423739,,,,None,,,,,47.492061,-122.296249,,98168,,,1,,,,Burien,,,,,,,,12400 28th Ave S
2121423739,,,,None,,,,,47.492061,-122.296249,,98168,,,2,,,,Burien,,,,,,,,12400 28th Ave S
49036787,,,,251052,,,,,47.49849,-122.339453,,98146,,,4,,,,Burien,,,,,,,,405 SW 116th Place
48686667,,,,196316,,,,,47.49637,-122.33803,,98146,,,3,,,,Burien,,,,,,,1,241 SW 119th St.
2103816061,,,,159573,,,,,47.44493,-122.3295,,98148,,,3,,,,Burien,,,,,,,,17431 Ambuam Blvd South
48734243,,,,197400,,,,,47.487897,-122.325552,,98168,,,3,,,,Burien,,,,,,,,12818 6th Ave so
48734293,,,1,192588,,,,,47.48174,-122.325061,,98168,,,3,,,,Burien,,,,,,,,13443 7th Ave S
49066210,,,1,535234,,,,,47.492665,-122.334113,,98146,,,2,,,,Burien,,,,,1,,,104 SW 124th St.
,,,1,,,1,,,,,,98166,,,4,,,,Burien,,,,,,,,846 SW 143th St.
2121978571,,,1,171960,,1,,,47.464205,-122.33854,,98166,,,2,,,,Burien,,1,,,,,,312 SW 155th
,,,1,,,,,,,,,98168,,,2,,,,Burien,,,,,,,,13823 1st Ave. S.
2109526412,,,1,188979,,,,,47.504711,-122.334655,,98146,,,2,,,,Burien,,,,,,,,11000 1st Avenue SW
63334235,,1,1,140285,1,,,,47.465344,-122.334961,,98166,,,1,1,,,Burien,,,,,,,1,124 SW 154th Street
2130856589,,,1,271706,,,,,47.44598,-122.33022,,98148,,,3,1,,,Burien,,,,,,,1,17431 Ambaum Blvd S #C1
67685096,,,,381425,,,,,47.46816,-122.349595,,98166,,,4,,,,Burien,,,,,,,,15040 12th Ave SW
49066289,,,1,208411,,,,,47.491252,-122.33776,,98146,,,4,,,,Burien,,,,,,,1,12440 3rd Ave SW
,,,,,,,,,,,,98168,,,0,,,,Burien,,,,,,,,13823 1st Ave. S.
48694553,,,1,236884,1,1,,,47.489388,-122.351653,,98146,,,3,,,,Burien,,,,,,,,12628 14th Ave SW
48839662,,,,258855,,1,,,47.457344,-122.352189,,98166,,,5,,,,Burien,,,,,,,,16220 14th Ave SW
48712619,,,,242519,1,1,,,47.465325,-122.336803,,98166,,,4,,,,Burien,,,,,,,,204 SW 154th St.
,,,1,,,,,,,,,98168,,,1,,,,Burien,,,,,,,,13823 1st Ave. S.
2109526412,,,1,188979,,,,,47.504711,-122.334655,,98146,,,1,,,,Burien,,,,,,,,11000 1st Avenue SW
48689354,,,,218730,,,,,47.500358,-122.333252,,98168,,,3,,,,Burien,,,,,,,,11432 1st Ave. S
48733905,,,1,269091,1,1,,,47.486144,-122.332885,,98168,,1,1,1,1,,Burien,,1,,,,,,13017 Occidental Ave S.
49042233,,,1,300016,,1,,,47.496722,-122.352006,,98146,,,4,,,,Burien,,,,,,,,1254 SW 119th St
63336130,,,,129118,,,,,47.446091,-122.332705,,98148,,,2,,,,Burien,,,,,,,,17431 Ambaum Blvd
48849533,,,1,165952,,,,,47.486843,-122.344867,,98146,,,1,,,,Burien,,,,,,,,816 SW 130th St
49066158,,,1,268264,,1,,,47.492779,-122.336679,,98146,,,3,,,,Burien,,,,,,,1,12260 2nd Ave SW
48754713,,,,206413,,,,,47.468432,-122.330777,,98148,,,3,,,,Burien,,,,,,,1,313 S 150th St
96646935,,,,345991,,1,,,47.497888,-122.321666,,98168,,,5,,,,Burien,,,,,,,,925 S 117th Court
48761191,,,,233319,1,1,,,47.484039,-122.33881,,98146,,,5,,,,Burien,,,,,,,,13226 4th Ave. SW
48751749,,,,228482,,,,,47.486558,-122.31842,,98168,,,3,,,,Burien,,,,,,,,13003 12th Ave S
48868401,,,1,219424,,1,,,47.500202,-122.314604,,98168,,,3,,,,Burien,,,,,,,,11428 14th Ave. S
48712274,,,1,263738,,,,,47.462448,-122.345467,,98166,,,4,,,,Burien,,,,,,,,15626 9th Ave SW
,TRUE,,1,,1,,,,,,,98168,,,2,,,,Burien,,1,,,,1,1,149 S. 140th St.
,,,1,,,1,,,,,,98146,,,1,,,,Burien,,,,,,,1,1229 SW 126th St.
,,,1,,,1,,,,,,98146,,,1,,,,Burien,,,,,,,1,1229 SW 126th St.
48733971,,,1,221298,,,,,47.483086,-122.331596,,98168,,,3,,,,Burien,,,,,,,1,13259 2nd Ave. S.
48723359,,,1,173656,,,,,47.460545,-122.337805,,98166,,,2,,,,Burien,,,,,,,1,15510 6th Ave SW
,TRUE,,1,,1,,,,,,,98168,,,2,,,,Burien,,1,,,,1,1,149 S. 140th St.
48852472,,,,286420,,,,,47.436231,-122.326887,,98148,,,5,,,,Burien,,,,,,,,609 S 186ST
48712620,,,1,422203,,,,,47.465322,-122.337045,,98166,,,2,,,,Burien,,,,,,,1,210 SW 154th St.
48990200,,,,231759,,,,,47.490597,-122.344,,98146,,,4,,,,Burien,,,,,,,,714 SW 126th St
48723360,,,1,183266,1,1,,,47.460545,-122.337805,,98166,,,3,,,,Burien,,,,,,,1,15930 3rd Pl. SW
48688997,,1,1,246461,,1,,,47.503918,-122.332709,,98168,,,4,,,,Burien,,,,,,,,11045 Occidental Ave S
48871347,,,,223727,,,,,47.48436,-122.340115,,98146,,,3,,,,Burien,,,,,,,,13214 5th Ave South West
48935464,,,1,261247,1,1,,,47.478747,-122.347605,,98166,,,4,,,,Burien,,,,,,,,13739 10th Ave SW
48733982,,,1,239553,,1,,,47.488274,-122.332243,,98168,,,4,,,,Burien,,,,,,,,12804 Occidental Ave. S
2112580674,,,1,124359,,,,,47.49036,-122.34868,,98146,,,2,,,,Burien,,,,,,,,1020 SW 126th St.
,,,1,,,,,,,,,98146,,,1,,,,Burien,,,,,,,,455 SW 156th St
68481304,,,1,None,,,,,47.463515,-122.341501,,98146,,,2,,,,Burien,,,,,,,,454 SW 156th St
49066133,,,,215598,,,,,47.493271,-122.337756,,98146,,,3,,,,Burien,,,,,,,,12246 3rd Ave. SW
48651564,,,1,502832,,,,,47.487328,-122.334433,,98146,,,1,,,,Burien,,,,,,,,12918 1st Ave SW
48651564,,,1,502832,,,,,47.487328,-122.334433,,98146,,,2,,,,Burien,,,,,,,,12918 1st Ave. SW
48754670,,,,384910,,,,,47.471546,-122.325722,,98168,,,5,,,,Burien,,,,,,,,555 S. 146th St.
48651564,,,1,502832,,1,,,47.487328,-122.334433,,98146,,,2,,,,Burien,,1,,,,,1,12918 1st Ave. SW
49042237,,,,550044,,,,,47.496735,-122.351116,,98146,,,2,,,,Burien,,,,,,,,1230A SW 119th ST
48934868,,,1,262583,,,,,47.474784,-122.346493,,98166,,,4,,,,Burien,,,,,,,,846 SW 143rd ST
48734051,,,,206133,1,,,,47.487248,-122.330276,,98168,,,3,,,,Burien,,,,,,,1,12841 3rd Avenue S.
,,,1,,,,,,,,,98168,,,2,,,,Burien,,,,,,,,11824 25th Ave S
49081313,,1,1,549413,1,1,,,47.432782,-122.326346,,98148,,1,1,,,1,Burien,,,1,,,,,484 South 190th St.
48734536,,,1,231333,,,,,47.493711,-122.326225,,98168,,,3,,,,Burien,,,,,,,,12216 5th Ave S
2120090515,,,,None,,,,,47.501213,-122.300354,,98168,,,1,,,,Burien,,,,,,,,11301 26th Avenue S
48712615,,,1,253032,,,,,47.465266,-122.334275,,98148,,,2,,,,Burien,,,,,,,1,15325 1st Ave.
48712615,,,1,253032,,,,,47.465266,-122.334275,,98148,,,3,,,,Burien,,,,,,,1,15325 1st Ave.
48712501,,1,,440075,,,,,47.464822,-122.345472,,98166,,,2,,,,Burien,,,,,,,,821 SW 154th Street
48712620,,,1,422203,,1,,,47.465322,-122.337045,,98166,,,2,,,,Burien,,,,,,,,210 SW 154th Street
,,,,,,,,,,,,98168,,,1,,,,Burien,,,,,,,1,11833-11835 24th Avenue S.
,,1,1,,1,,,,,,,98168,,,2,,,,Burien,,,,,,,,149 South 140th Street
48712501,,,,440075,,,,,47.464822,-122.345472,,98166,,,2,,,,Burien,,,,,,,,821 SW 154th Street
48734571,,,1,170385,,1,,,47.48971,-122.328315,,98168,,,4,,,,Burien,,,,,,,,12608 4th Ave S
48853769,,,,416797,,1,,,47.68932,-121.938554,,98014,,,4,,,,Carnation,,,,,,,,10304 296th Ave. NE
48915838,,,1,291401,,,,,47.697396,-121.91257,,98014,,,3,,,,Carnation,,1,,,,,,11133 320th Ave NE
2128437951,,,1,None,,,,,47.44394,-122.15322,,98058,,,1,,,,Cascade-Fairwood,,,,,,,,14121 SE 177th Street
2128437951,,,1,None,,,,,47.44394,-122.15322,,98058,,,2,,,,Cascade-Fairwood,,,,,,,,14121 SE 177th Street
62667327,,,,347985,,,,,47.375472,-122.134061,,98042,,,4,,,,Covington,,,,,,,,15523 SE 252nd Place
49093118,,,,183066,1,1,,,47.359915,-122.084834,,98042,,,3,,,,Covington,,,,,,,,19233 SE 269th ST
79979577,,,1,308289,,,,,47.342974,-122.057295,,98042,,,5,,,,Covington,,,,,,,,21360 SE 289th Way
,,,1,,,1,,,,,,98042,,,2,,,,Covington,,1,,,,,1,17126 SE 269th Pl.
,,,,,,1,,,,,,98042,,,1,,,,Covington,,,,,,,,17126 SE 269th Pl.
,,,1,,,1,,,,,,98042,,,3,,,,Covington,,,,,,,,17126 SE 269th Pl.
49092625,,,,256327,,,,,47.362843,-122.077495,,98042,,,4,,,,Covington,,,,,,,,19822 SE 266th Ct.
80260740,,,1,369969,,,,,47.383083,-122.097307,,98042,,,5,,,,Covington,,,,,,,,24411 183rd Ct SE
48927142,,,,258746,,1,,,47.358909,-122.083507,,98042,,,3,,,,Covington,,,,,,,,19334 SE 270th Place
48688436,,,,188690,,1,,,47.366961,-122.098692,,98042,,,3,,,,Covington,,,,,,,,18210 SE 262 PL
48965175,,,1,228840,,,,,47.374432,-122.139711,,98042,,,1,,,,Covington,,,,,,,1,25327 151st Place SE
49093234,,,,180068,,1,,,47.364391,-122.083182,,98042,,,3,,,,Covington,,,,,,,1,19412 SE 266th St
49093205,,,1,185430,1,1,,,47.361631,-122.082352,,98042,,,4,,,,Covington,,,,,,,,19459 SE 267th St
48836793,,,,441501,,,,,47.363666,-122.071229,,98042,,,3,,,,Covington,,,,,,,,26461 204th Ave Se
49093543,,,1,172361,1,,,,47.368299,-122.080212,,98042,,,3,,,,Covington,,,,,,,,26114 195th PL SE
49093630,,,1,171984,,,,,47.369931,-122.079874,,98042,,,4,,,,Covington,,,,,,,,19612 SE 260th St
89209753,,,1,395051,,1,,,47.370847,-122.104971,,98042,,,6,,,,Covington,,,,,,,,25802 177th PL SE
49093427,,,1,179987,,,,,47.364825,-122.081897,,98042,,,3,,,,Covington,,,,,,,,19424 SE 265th ST
,,,1,,,,,,,,,98042,,,4,,,,Covington,,,,,,,,SE 261st St
,,,1,,,,,,,,,98042,,,4,,,,Covington,,,,,,,,SE 261st St
,,,1,,,,,,,,,98042,,,4,,,,Covington,,,,,,,,259th St SE
49093111,,,1,181131,,,,,47.360302,-122.0854,,98042,,,3,,,,Covington,,,,,,,1,19213 SE 269th St.
88024828,,,,225064,,,,,47.364827,-122.0955,,98042,,,4,,,,Covington,,,,,,,,18422 SE 264th Place
,,1,1,,1,,,,,,,98042,,,2,1,1,1,Covington,,,,,,,1,26902 169th Place SE
,,1,1,,1,,,,,,,98042,,,1,1,1,1,Covington,,,,,,,1,26902 169th Place SE
49087951,,,,257184,,1,,,47.363553,-122.080302,,98042,,,4,,,,Covington,,,,,,,,26517 197th Place SE
49093493,,,,186604,,,,,47.368617,-122.079552,,98042,,,3,,,,Covington,,,,,,,,19510 SE 261st St.
61264523,,,,350296,,,,,47.366941,-122.122044,,98042,,,5,,,,Covington,,,,,,,,16422 SE 262nd PL
49093583,,,1,188569,,,,,47.370489,-122.078686,,98042,,,4,,,,Covington,,,,,,,,19618 SE 259th St
49093583,,,1,188569,,,,,47.370489,-122.078686,,98042,,,4,,,,Covington,,,,,,,,19618 SE 259th St
88024828,,,,225064,,,,,47.364827,-122.0955,,98042,,,4,,,,Covington,,,,,,,,18422 SE 264th PL
58388058,,,1,349733,,1,,,47.373438,-122.132351,,98042,,,5,,,,Covington,,,,,,,,25429 157 Ave SE
63562672,,,1,352579,,,,,47.366064,-122.12839,,98042,,,4,,,,Covington,,,,,,,,26226 159th Ave SE
,,,,,1,,,,,,,98198,,,1,,,,Des Moines,,,,,,,,22856 30th Ave S
,,,,,1,,,,,,,98198,,,2,,,,Des Moines,,,,,,,,23006 30th Ave S
48821477,,,,600295,,,,,47.407991,-122.294499,,98198,,,3,,,,Des Moines,,,,,,,,21608 30th Ave S
2104867315,,,1,None,,,,,47.407981,-122.295181,,98198,,,3,,,,Des Moines,,,,,,,,21607 30th Ave South
48821497,,,,423500,,,,,47.407745,-122.295174,,98198,,,2,,,,Des Moines,,,,,,,1,21615 30th Ave. S
,,,,,,,,,,,,98198,,,4,,,,Des Moines,,,,,,,,2405 S. 257th Place
48809724,,,,228159,,,,,47.381209,-122.314055,,98198,,,4,,,,Des Moines,,,,,,,,24526 15th Ave S
49060270,,,,339334,,,,,47.405463,-122.295756,,98198,,,1,,,,Des Moines,,,,,,,1,21908 29th Ave S
49060270,,,,339334,,,,,47.405463,-122.295756,,98198,,,1,,,,Des Moines,,,,,,,,21908 29th Ave S
48821478,,,1,605581,,1,,,47.406941,-122.294024,,98198,,,2,,,,Des Moines,,,,,,,,21801 31st Ave. S.
48884231,,,,372367,1,,,,47.384453,-122.298956,,98198,,,2,,,,Des Moines,,,,,,,,24201 27th Avenue S
2116445006,,,,None,,,,,47.392913,-122.306182,,98198,,,0,,,,Des Moines,,,,,,,1,2060 S. Kent-des Moines Rd.
2116445006,,,,None,,,,,47.392913,-122.306182,,98198,,,1,,,,Des Moines,,,,,,,1,2060 S. Kent-des Moines Rd.
2116445006,,,,None,,,,,47.392913,-122.306182,,98198,,,2,,,,Des Moines,,,,,,,1,2060 S. Kent-des Moines Rd.
,,,,,,1,,,,,,98198,,,2,,,,Des Moines,,,,,,,,2316 S Pinebrook Ln
,,1,,,1,1,,,,,,98198,,,0,,,,Des Moines,,,,,,,,23502 16th Pl S.
,,1,,,1,1,,,,,,98198,,,1,,,,Des Moines,,,,,,,,23502 16th Pl S.
,,1,,,1,1,,,,,,98198,,,2,,,,Des Moines,,,,,,,,23502 16th Pl S.
48884243,,,1,491701,,1,,,47.384447,-122.299355,,98198,,,2,,,,Des Moines,,,,,,,,24206 26th Pl S
,,,1,,,,,,,,,98198,,,1,,,,Des Moines,,,,,,,,22921 30th Ave S
48884182,,,,245091,,,,,47.38537,-122.301309,,98198,,,4,,,,Des Moines,,,,,,,,24032 25th Ave S
49013756,,,1,235783,1,,,,47.384057,-122.306174,,98198,,,3,,,,Des Moines,,,,,,,,24305 22nd. Ave. S.
48782125,,,,488571,,,,,47.403062,-122.296811,,98198,,,2,,,,Des Moines,,,,,,,,22120 28th Ave S
48809835,,,,184571,,,,,47.379839,-122.316889,,98198,,,3,,,,Des Moines,,,,,,,,24731 13th PL S
,,,,,,,,,,,,98198,,,0,,,,Des Moines,,,,,,,,22850 30th Ave S
48821491,,,,429978,1,,,,47.406189,-122.2952,,98198,,,2,,,,Des Moines,,,,,,,,21825 30th Ave S
49013265,,,,326457,,,,,47.37055,-122.31491,,98198,,,5,,,,Des Moines,,,,,,,,25807 15th Ave S
2128757178,,,,217578,,,,,47.38738,-122.31815,,98198,,,3,,,,Des Moines,,,,,,,,23918 12th PL S
48821491,,,,429978,1,,,,47.406189,-122.2952,,98198,,,2,,,,Des Moines,,,,,,,,21825 30th Ave S
48884238,,,,483816,,,,,47.38308,-122.299354,,98198,,,2,,,,Des Moines,,,,,,,1,24256 26th Pl S
49060271,,,1,345570,,,,,47.405287,-122.295675,,98198,,,2,,,,Des Moines,,,,,,,,21914 29th Ave S
49060271,,,1,345570,,,,,47.405287,-122.295675,,98198,,,1,,,,Des Moines,,,,,,,,21914 29th Ave South
70583774,,,1,124971,,,,,47.391458,-122.308962,,98198,,,3,,,,Des Moines,,,,,,,,23410 18th Ave S
48821488,,,,583219,,,,,47.406804,-122.295253,,98198,,,2,,,,Des Moines,,,,,,,,21803 30th Ave S
63336448,,,1,162416,,,,,47.385503,-122.299076,,98198,,,3,,,,Des Moines,,,,,,,,24018 26 Pl S.
48773419,,,,198719,,,,,47.39234,-122.308323,,98198,,,3,,,,Des Moines,,,,,,,,1743 SW 234th St
,,,1,,,,,,,,,98198,,,3,,,,Des Moines,,,,,,,,23110 30th Ave S
,,,1,,,1,,,,,,98198,,,2,,,,Des Moines,,,,,,,,21810 S 29th Ave
48944713,,,1,250995,1,1,,,47.410685,-122.294795,,98198,,,4,,,,Des Moines,,,,,,,,21224 30th Ave S
48749612,,,,186460,,,,,47.373441,-122.311989,,98198,,,3,,1,,Des Moines,,,,,,,,25410 16th Place
,,,1,,,1,,,,,,98198,,,4,,,,Des Moines,,,,,,,,3022 S.225th
,,,,,,,,,,,,98198,,,3,,,,Des Moines,,,,,,,,24517 26th Place S
48884264,,,1,419260,1,,,,47.384805,-122.298952,,98198,,,3,,,,Des Moines,,,,,,,,2620 So 242nd St.
48821506,,,,401512,1,1,,,47.408019,-122.295645,,98198,,,2,,,,Des Moines,,,,,,,,21606 29th Ave. S.
49050931,,,1,112287,,,,,47.402881,-122.302437,,98198,,,2,,,,Des Moines,,,,,,,,22238 24th Ave S
48821476,,,,617252,,1,,,47.407756,-122.294516,,98198,,,3,,,,Des Moines,,,,,,,,21616 30th Ave. S
48821496,,,,579241,1,1,,,47.406831,-122.295715,,98198,,,2,,,,Des Moines,,,,,,,1,21804 29th Ave S
,,,1,,,,,,,,,98198,,,2,,,,Des Moines,,,,,,,,22921 30th Ave S
,,,,,,1,,,,,,98198,,,3,,,,Des Moines,,,,,,,,2107 Kent Des Moines Ave S
,,,1,,,1,,,,,,98198,,,2,,,,Des Moines,,,,,,,,2306 S Pinebrook Ln
48821490,,,1,585765,,,,,47.406381,-122.295272,,98198,,,2,,,,Des Moines,,,,,,,,21817 30th Ave South
48678346,,,,277512,,,,,47.382219,-122.303891,,98198,,,4,,,,Des Moines,,,,,,,,24424 23rd Ave S
48773049,,,,207077,1,,,,47.409024,-122.315674,,98198,,,3,,,,Des Moines,,,,,,,,21508 13th Ave S
48884155,,,1,608712,,1,,,47.386254,-122.301798,,98198,,,2,,,,Des Moines,,,,,,,1,24005 25th S
,,,,,,,,,,,,98198,,,3,,,,Des Moines,,,,,,,,22521 30th Ave S
,,,,,,1,,,,,,98198,,,2,,,,Des Moines,,,,,,,,216th Street
49060271,,,1,345570,,,,,47.405287,-122.295675,,98198,,,2,,,,Des Moines,,,,,,,1,21914 29th Ave S
48884237,,,1,466576,,1,,,47.383073,-122.298966,,98198,,,2,,,,Des Moines,,,,,,,,24327 27th Ave S Apt C
48884241,,,1,488003,,1,,,47.383893,-122.29936,,98198,,,2,,,,Des Moines,,,,,,,,24226 26 Place S
63086254,,,,211530,,1,,,47.361815,-122.308872,,98198,,,3,,,,Des Moines,,,,,1,,,26720 19th Ave S
58381191,,,1,288080,,1,,,47.35321,-122.315241,,98198,,,4,,,,Des Moines,,,,,,,,1320 S. 277th Pl
48705859,,,1,235163,,1,,,47.362906,-122.310373,,98198,,,5,,,,Des Moines,,,,,,,,26605 18th PL S
48773504,,,,243279,,,,,47.38615,-122.317958,,98198,,,3,,,,Des Moines,,,,,,,,24021 13th Ave S
48745952,,,1,243499,,,,,47.387079,-122.31149,,98198,,,5,,,,Des Moines,,,,,,,,1642 S 240th St
48884169,TRUE,,1,509548,,,,,47.385988,-122.302252,,98198,,,2,,,,Des Moines,TRUE,,,,,,,24016 24th Ave. S
48884231,,,,372367,1,,,,47.384453,-122.298956,,98198,,,2,,,,Des Moines,,,,,,,,24201 27th Avenue S
,,,,,,,,,,,,98198,,,2,,,,Des Moines,,,,,,,1,2918 S 220th St
2105790984,,,,None,,,,,47.406791,-122.294486,,98198,,,2,,,,Des Moines,,,,,,,,21804 30 Ave S
,,,,,,,,,,,,98198,,,3,,,,Des Moines,,1,,,,,,2445 S 222nd St.
,,,,,,,,,,,,98148,,,3,,,,Des Moines,,,,,,,,5706 37th St. SE
48944694,,,1,291966,,1,,,47.41169,-122.295085,,98198,,,3,,,,Des Moines,,,,,,,,3008 S. 212th St.
70583774,,,1,124971,,,,,47.391458,-122.308962,,98198,,,3,,,,Des Moines,,,,,,,,23410 18th Ave S
48943912,,,1,550996,,1,,,47.370825,-122.320586,,98198,,,3,,,,Des Moines,,,,,,,,25659 Marine View Dr S
48943912,,,,550996,1,1,,,47.370825,-122.320586,,98198,,,2,,,,Des Moines,,,,,,,,25659B Marine View Dr S
48884168,,,,None,,,,,47.385734,-122.302252,,98198,,,2,,,,Des Moines,,,,,,,,24028 24th Ave S
49042661,,,,256773,,,,,47.367362,-122.316023,,98198,,,4,,,,Des Moines,,,,,,,,26036 14th Ave S
49002634,,,,237386,,,,,47.382877,-122.306766,,98198,,,3,,,,Des Moines,,,,,,,,2020 S 244th Pl
61767363,,,1,261286,,,,,47.351793,-122.312963,,98198,,,4,,,,Des Moines,,,,,,,,27816 16th Place S
48821477,,,,600295,,,,,47.407991,-122.294499,,98198,,,3,,,,Des Moines,,,,,,,,21608 30th Ave S
48868365,,,,182883,,1,,,47.501826,-122.317481,,98198,,,3,,,,Des Moines,,,,,,,,12408 12th Ave. S
,,,,,,,,,,,,98198,,,2,,,,Des Moines,,1,,,,,,2445 S 222nd St.
49112748,,,,238373,,,,,47.371076,-122.315075,,98198,,,4,,,,Des Moines,,,,,,,,1405 S 257th Pl
2104867315,,,,None,,,,,47.407981,-122.295181,,98198,,,3,,,,Des Moines,,,,,,,,21607 30th Ave. So.
49042368,TRUE,,1,220488,,1,,,47.371876,-122.317948,,98198,,,4,,,,Des Moines,,,,,,,,1211 S 256 Pl.
48879666,,,1,214078,,,,,47.381227,-122.31745,,98198,,1,4,,,,Des Moines,,,,,,,,24526
48770496,,,,224497,,,,,47.39352,-122.29917,,98198,,,6,,,,Des Moines,,,,,,,,2621 S 232ND ST
48678349,,,,242443,,1,,,47.382873,-122.304042,,98198,,,3,,1,,Des Moines,,,,,,,,24401 23rd Ave S
48983225,,1,1,522552,1,1,,,47.425394,-122.335054,,98148,,1,1,,,1,Des Moines,,,1,,,,,103 South 197th St
2141995698,,,1,192087,,1,,,47.391365,-122.306291,,98198,,,2,,,,Des Moines,,,,,,,,2103 Kent Des Moines Rd.
48821497,,,1,423500,1,,,,47.407745,-122.295174,,98198,,,2,,,,Des Moines,,1,,,,,,21615 30th Ave South
48884228,,,,450752,,,,,47.381867,-122.298965,,98198,,,2,,,,Des Moines,,,,,,,,24505 27th Ave S
48821502,,,,604799,1,,,,47.407008,-122.295646,,98198,,,2,,,,Des Moines,,,,,,,1,21644 29th Ave S.
61767360,,,1,274334,,,,,47.352252,-122.312968,,98198,,,4,,,,Des Moines,,,,,,,,27804 16th Place S
48821477,,,,600295,1,,,,47.407991,-122.294499,,98198,,,3,,,,Des Moines,,,,,,,1,21608 30th Ave S
49011908,,,1,227667,,,,,47.390872,-122.31737,,98198,,,3,,,,Des Moines,,,,,,,,1238 S 235th Pl
,,,1,,,1,,,,,,98198,,,3,,,,Des Moines,,,,,,,,Kent Des Moines Rd
48675185,,,,312355,,,,,47.429299,-122.335219,,98148,,,3,,,,Des Moines,,,,,,,,19291 Occidental Ave S
63334065,,,,161606,,1,,,47.397854,-122.297549,,98198,,,2,,,,Des Moines,,,,,,,,22700 28th Ave S.
48805293,,,,366859,,,,,47.393519,-122.293685,,98198,,,2,,,,Des Moines,,,,,,,,23205 30th Ave S.
,,,,,,,,,,,,98198,,,1,,,,Des Moines,,1,,,,,,2445 S 222nd St.
,,1,,,,,,,,,,98198,,,3,,1,,Des Moines,,,,,,,,2741 S 242nd St
,,1,,,,,,,,,,98198,,,2,,1,,Des Moines,,,,,,,,2741 S 242nd St.
,,1,,,,,,,,,,98198,,,1,,1,,Des Moines,,,,,,,,2741 S 242nd St.
48773502,,,,187920,,,,,47.386528,-122.317964,,98198,,,2,,,,Des Moines,,,,,,,,1217 S. 240th St.
,,,1,,,,,,,,,98198,,,2,,,,Des Moines,,,,,,,,18th Avenue S
48999895,,,1,501691,,1,,,47.745105,-121.978084,,98019,,,2,,,,Duvall,,,,,,,,16125 4th Ave NE
48816424,,,,434256,,1,,,47.196095,-121.996695,,98022,,,2,,,,Enumclaw,,,,,,,,653 Myrtine St.
54829897,,,,312926,,1,,,47.198859,-121.997245,,98022,,,2,,,,Enumclaw,,,,,,,1,928 Myrtine St.
,,,,,,,,,,,,98022,,,2,,,,Enumclaw,,,,,,,,2745 Warner Ave. W
,,,,,1,,,,,,,98022,,,1,,,,Enumclaw,,,,,,,,2745 Warner Ave W
,,,1,,1,1,,,,,,98022,,,1,,,,Enumclaw,,,,,,,1,2150 Porter Street
48796576,,,1,629695,,1,,,47.208629,-121.990048,,98022,,,1,,,,Enumclaw,,,,,,,,2132 Porter Street
,,,1,,,,,,,,,98022,,,3,,,,Enumclaw,,,,,,,1,25410 se Mud Mountain Road
,,,1,,,,,,,,,98022,,,2,,,,Enumclaw,,,,,,,,739 Watson St North
48796733,,1,1,3981442,1,1,1,,47.208806,-121.986418,,98022,,1,0,,,1,Enumclaw,,1,,,1,1,,2229 Jenson St.
48796733,,1,1,3981442,1,1,1,,47.208806,-121.986418,,98022,,1,1,,,1,Enumclaw,,1,,,1,1,,2229 Jenson St.
,TRUE,1,1,,1,,1,,,,,98022,,1,0,,,1,Enumclaw,,,,,,1,1,2454 Cole Street
,TRUE,1,1,,1,,1,,,,,98022,,1,0,,,1,Enumclaw,,,,,,1,1,2454 Cole Street
,TRUE,1,1,,1,,1,,,,,98022,,1,0,,,1,Enumclaw,,,,,,1,1,2454 Cole Street
2123502210,,,,206971,,,,,47.302444,-122.31063,,98003,,,1,,,,Federal Way,,,,,,,,33311 18th Lane S
2123502210,,,,206971,,,,,47.302444,-122.31063,,98003,,,2,,,,Federal Way,,,,,,,,33311 18th Lane S
2123502210,,,1,206971,,,,,47.302444,-122.31063,,98003,,,2,,,,Federal Way,,,,,,,,33311 18th Lane S
2123502210,,,,206971,,,,,47.302444,-122.31063,,98003,,,3,,,,Federal Way,,,,,,,,33311 18th Lane S
2135565700,,,,190179,,,,,47.304805,-122.33176,,98003,,,0,,,,Federal Way,,,,,,,1,33030 1st Ave S
2135565700,,,,190179,,,,,47.304805,-122.33176,,98003,,,1,,,,Federal Way,,,,,,,1,33030 1st Ave S
2135565700,,,,190179,,,,,47.304805,-122.33176,,98003,,,1,,,,Federal Way,,,,,,,1,33030 1st Ave S
2135565700,,,,190179,,,,,47.304805,-122.33176,,98003,,,1,,,,Federal Way,,,,,,,1,33030 1st Ave South
2135565700,,,,190179,,,,,47.304805,-122.33176,,98003,,,2,,,,Federal Way,,,,,,,1,33030 1st Ave S
2135565700,,,,190179,,,,,47.304805,-122.33176,,98003,,,2,,,,Federal Way,,,,,,,1,33030 1st Ave South
2122348361,,,1,None,,,,,47.323859,-122.359017,,98023,,,1,,,,Federal Way,,,,,,,,31004 19th Place SW
2122348361,,,1,None,,,,,47.323859,-122.359017,,98023,,,2,,,,Federal Way,,,,,,,,31004 19th PL SW
2123106009,,,,None,,,,,47.317058,-122.39685,,98023,,,1,,,,Federal Way,,,,,,,,31736 50th Lane SW
2114833733,,,,None,,,,,47.309013,-122.308959,,98003,,,3,,,,Federal Way,,,,,,,,32905 19th Pl S
2114833733,,1,,None,1,,,,47.309013,-122.308959,,98003,,,2,,,,Federal Way,,1,,,1,1,1,32905 19th Pl S
2114833733,,,,None,,,,,47.309013,-122.308959,,98003,,,2,,,,Federal Way,,,,,,,,32905 19th Pl S
2114833733,,,,None,,,,,47.309013,-122.308959,,98003,,,1,,,,Federal Way,,,,,,,,32905 19th Pl S
84759527,,,,373737,,,,,47.299906,-122.284742,,98001,,,5,,,,Federal Way,,,,,,,,33634 38th Ave S
,,,1,,1,1,,,,,,98003,,,4,,,,Federal Way,,,,,,,1,28626 25th Place S.
63336905,,,,87108,,,,,47.323361,-122.316908,,98003,,,1,,,,Federal Way,,,,,,,,31003 14th Ave. S
49064551,,,1,194470,1,1,,,47.318964,-122.320407,,98003,,,3,,,,Federal Way,,,,,,,1,1005 S. 315th Street
48805348,,,,205374,,,,,47.329841,-122.318271,,98003,,,2,,,,Federal Way,,,,,,,1,30329 13th Ave S
48840272,,,,71774,,,,,47.305131,-122.310542,,98003,,,2,,,,Federal Way,,,,,,,1,33020 17th Place S
2103951502,,,,None,,1,,,47.35693,-122.3049,,98003,,,1,,,,Federal Way,,1,,,,,,2211 S Star Lake Rd.
2121348589,,,,None,,1,,,47.327716,-122.310394,,98003,,,2,,,,Federal Way,,,,,,,,30602 Pacific Hwy So
,,1,1,,1,,,,,,,98003,,,1,,1,,Federal Way,,1,,,,,,31420 23rd Ave. S
48805344,,,1,269549,1,1,,,47.330446,-122.318393,,98003,,,2,,1,,Federal Way,,,,,1,,,30313 13th Ave S
2103951502,,,,None,,1,,,47.35693,-122.3049,,98003,,,2,,,,Federal Way,,1,,,,,,2211 South Star Lake Road
2103951502,,,,None,,1,,,47.35693,-122.3049,,98003,,,2,,,,Federal Way,,1,,,,,,2211 South Star Lake Road
2103951502,,,,None,,1,,,47.35693,-122.3049,,98003,,,2,,,,Federal Way,,1,,,,,,2211 South Star Lake Road
2103951502,,,,None,,1,,,47.35693,-122.3049,,98003,,,3,,,,Federal Way,,1,,,,,,2211 South Star Lake Road
2103951502,,,,None,,1,,,47.35693,-122.3049,,98003,,,1,,,,Federal Way,,1,,,,,,2211 South Star Lake Road
2103951502,,,,None,,1,,,47.35693,-122.3049,,98003,,,3,,,,Federal Way,,1,,,,,,2211 South Star Lake Road
2103951502,,,,None,,1,,,47.35693,-122.3049,,98003,,,2,,,,Federal Way,,1,,,,,,2211 South Star Lake Road
2123106009,,,,None,,,,,47.317058,-122.39685,,98023,,,1,,,,Federal Way,,,,,,,,31736 50th Lane SW
2123106009,,,,None,,,,,47.317058,-122.39685,,98023,,,2,,,,Federal Way,,,,,,,,31736 50th Lane SW
2123106009,,,,None,,,,,47.317058,-122.39685,,98023,,,2,,,,Federal Way,,,,,,,,31736 50th Lane SW
2123106009,,,,None,,,,,47.317058,-122.39685,,98023,,,3,,,,Federal Way,,,,,,,,31736 50th Lane SW
2123106009,,,,None,,,,,47.317058,-122.39685,,98023,,,3,,,,Federal Way,,,,,,,,31736 50th Lane SW
,,,1,,1,,,,,,,98003,,,1,,,1,Federal Way,,1,,,,,1,31580 23rd Avenue S
48682218,,,,195969,,,,,47.330466,-122.326433,,98003,,,3,,,,Federal Way,,,,,,,1,30302 6th Ave. S
48652451,,,,212388,,,,,47.31398,-122.356033,,98023,,,3,,,,Federal Way,,,,,,,,32040 16th Pl. SW
2115722909,,,,92586,,,,,47.324522,-122.316417,,98003,,,1,,,,Federal Way,,,,,,,,30853 14th Ave. S
2115722909,,,,92586,,,,,47.324522,-122.316417,,98003,,,2,,,,Federal Way,,,,,,,,30853 14th Ave. S
49112513,,,,222477,,,,,47.308455,-122.370374,,98023,,,3,,,,Federal Way,,,,,,,,32711 28th Ave SW
62577554,,,,308854,,1,,,47.336574,-122.294925,,98003,,,5,,,,Federal Way,,,,,,,,29606 30th Ave S.
49087782,,,1,143636,,,,,47.31614,-122.3582,,98023,,,3,,,,Federal Way,,,,,,,,1808 SW 318th Pl
49046570,,,,327095,,,,,47.350775,-122.306359,,98003,,,3,,,,Federal Way,,,,,,,,27929 21st Avenue S
49064625,,,,422787,,,,,47.345071,-122.313668,,98003,,,2,,,,Federal Way,,,,,,,,28617 16th Ave S
2113326157,,,1,None,,1,,,47.341597,-122.296824,,98003,,,3,,,,Federal Way,,,,,,,1,29016 28th PL S
48938503,,,1,241930,,,,,47.2805,-122.348736,,98023,,,4,,,,Federal Way,,,,,,,,35814 11th Ave SW
48721328,TRUE,,1,258327,,1,,,47.309533,-122.325652,,98003,,,4,,,,Federal Way,,,,,,,,564 South 330th Place
,,,1,,,,,,,,,98001,,,2,,,,Federal Way,,,,,,,,32200 Military Road South
,,,1,,1,,,,,,,98003,,,3,,,,Federal Way,,,,,,,,1220 SW 317th st
48926603,,1,,208323,1,1,,,47.321851,-122.351634,,98023,,,3,,1,,Federal Way,,,,,,,1,31232 12th Ave SW
48812968,,,1,160433,1,,,,47.301844,-122.306304,,98003,,,3,,,,Federal Way,,,,,,,,2100 S. 336th St. Unit C-5
2103643174,,,,None,,,,,47.32052,-122.3332,,98003,,,1,,,,Federal Way,,,,,,,,31500 1st. Avenue South
2103643174,,,,None,,,,,47.32052,-122.3332,,98003,,,2,,,,Federal Way,,,,,,,,31500 1st. Avenue South
2103643174,,,,None,,,,,47.32052,-122.3332,,98003,,,2,,,,Federal Way,,,,,,,,31500 1st. Avenue South
2103643174,,,,None,,,,,47.32052,-122.3332,,98003,,,3,,,,Federal Way,,,,,,,,31500 1st. Avenue South
48992153,,,,246499,,,,,47.294237,-122.379298,,98023,,,4,,,,Federal Way,,,,,,,,34239 36th Pl. SW
49112325,TRUE,,,183285,,1,,,47.305318,-122.36476,,98023,,,4,1,,,Federal Way,,,,,,,1,2416 SW 332nd St
48652531,,,,218040,,,,,47.313976,-122.35139,,98023,,,3,,,,Federal Way,,,,,,,,32121 12th Place SW
48967315,,,,275529,1,,,,47.345146,-122.299925,,98003,,,3,,,,Federal Way,,,,,,,1,28600 25th Pl S
48967310,,,1,523019,,,,,47.345252,-122.301328,,98003,,,2,,,,Federal Way,,,,,,,,2500 S 286th Pl.
2120293070,,,1,233597,1,1,,,47.345546,-122.311431,,98003,,,3,,,,Federal Way,,,,,,,1,28606 Pacific Hwy S.
48938503,,,1,241930,,,,,47.2805,-122.348736,,98023,,,4,,,,Federal Way,,,,,,,,35814 11th Ave. SW
2123706139,,,1,197872,,,,,47.314601,-122.390998,,98023,,,1,,,,Federal Way,,,,,,,,4519 SW 321st St
,,,1,,,,,,,,,98003,,,3,,,,Federal Way,,,,,,,,29505 21st Ave South #4
,,,1,,,,,,,,,98003,,,4,,,,Federal Way,,,,,,,,29505 21st Ave South #4
49112547,,,,223019,1,1,,,47.306659,-122.368085,,98023,,,3,,,,Federal Way,,,,,,,1,33011 27th Ave. SW
49122762,,,,93480,,,,,47.312332,-122.328243,,98003,,,3,,,,Federal Way,,,,,,,1,32324 4th Pl S
49112291,,,,174834,1,,,,47.304415,-122.365336,,98023,,,3,,,,Federal Way,,1,,,,,1,33222 26th Ave SW
59741022,,,,335177,,1,,,47.278216,-122.346782,,98023,,,5,,,,Federal Way,,,,,,,,832 SW 361st Street
2120292372,,,,182405,,,,,47.341681,-122.296821,,98003,,,2,,,,Federal Way,,,,,,,,29005 28th Place South
49074497,,,,209466,,,,,47.332002,-122.306443,,98003,,,3,,,,Federal Way,,,,,,,,2038 S 301st Place
63337765,,,1,345275,,,,,47.29498,-122.351058,,98023,,,5,,,,Federal Way,,,,,,,,1208 SW 342nd Place
48741022,,,,81568,,,,,47.318279,-122.301506,,98003,,,2,,,,Federal Way,,,,,,,1,2534 S 317th St
,,,1,,,1,,,,,,98003,,,1,,,,Federal Way,,,,,,,,32205 11th Place South
,,,1,,,1,,,,,,98003,,,1,,,,Federal Way,,,,,,,,32205 11th Place South
,,,1,,,1,,,,,,98003,,,2,,,,Federal Way,,,,,,,,32205 11th Place South
,,,1,,,1,,,,,,98003,,,2,,,,Federal Way,,,,,,,,32205 11th Place South
,,,1,,,1,,,,,,98003,,,2,,,,Federal Way,,,,,,,,32205 11th Place South
,,,1,,,1,,,,,,98003,,,2,,,,Federal Way,,,,,,,,32205 11th Place South
49021201,,1,1,255214,1,,,,47.353948,-122.312885,,98023,,,2,,1,,Federal Way,,,,,,,,27612 16th Ave S.
49074494,,,1,195917,,,,,47.332022,-122.3073,,98003,,,3,,1,,Federal Way,,,,,,,,2016 S 301st PL
48968200,,,,224720,,,,,47.32725,-122.337587,,98023,,,4,,,,Federal Way,,,,,,,,30623 2nd Avenue SW
49070690,,,1,226161,,,,,47.317891,-122.325297,,98003,,,4,,,,Federal Way,,,,,,,,31612 7th Ave S
49119252,,,,255020,,1,,,47.298064,-122.379509,,98023,,,3,,,,Federal Way,,,,,,,,33814 37th Ave SW
49122718,,,1,89873,,1,,,47.312664,-122.328077,,98003,,,3,,,,Federal Way,,,,,,,,408 S 323rd St.
48721340,,,1,282570,,1,,,47.308865,-122.326241,,98003,,,5,,,,Federal Way,,1,,,,,,604 South 328th Place
48967311,,,1,517075,,,,,47.345241,-122.301045,,98003,,,3,,,,Federal Way,,1,,,,,,2508 S. 286th Pl
48967317,,,1,324719,1,,,,47.34469,-122.299854,,98003,,,4,,,,Federal Way,,,,,,,1,28612 25th Place South
49128341,,,1,150671,,1,,,47.303808,-122.364139,,98023,,,3,,,,Federal Way,,,,,,,,33310 24th Ave SW
48961695,,,1,219569,,,,,47.288187,-122.358347,,98023,,,5,,,,Federal Way,,,,,,,,1821 SW 349th Pl
48926559,,,1,283401,,,,,47.318427,-122.350772,,98023,,,4,,,,Federal Way,,,,,,,,31624 12th PL SW
,,,,,1,,,,,,,98001,,,2,,,,Federal Way,,,,,,,,39th Ave S
48664710,,,1,None,1,,,,47.341125,-122.297042,,98003,,,4,,,,Federal Way,,,,,,,,29013 28th Pl S
48968252,TRUE,,1,199728,,,,,47.326591,-122.334986,,98023,,,3,,,,Federal Way,TRUE,,,,,,1,112 SW 307th Pl
80260676,,,1,295239,,1,,,47.305232,-122.281335,,98001,,,4,,,,Federal Way,,,,,,,,33042 42nd Ave S
49112578,,,1,210503,,,,,47.305825,-122.368651,,98023,,,3,,,,Federal Way,,,,,,,,2723 SW 331st St
2103643174,,,,None,,,,,47.32052,-122.3332,,98003,,,3,,,,Federal Way,,,,,,,,31500 1st. Avenue South
48652924,,,,278496,,1,,,47.305081,-122.356401,,98023,,,4,,,,Federal Way,,,,,,,,33047 16th Place S.w.
48967313,,,1,488794,1,,,,47.345224,-122.3005,,98003,,,3,,,,Federal Way,,1,,,,,1,2524 S 286th Pl.
48757985,,,,174534,,,,,47.327537,-122.343814,,98023,,,3,,1,,Federal Way,,,,,,,,30539 6th Pl SW
48822793,,,1,264640,,1,,,47.290771,-122.328283,,98003,,,4,,,,Federal Way,,,,,,,,34702 4th Pl S
48929659,,,,207132,1,,,,47.344834,-122.307707,,98003,,,3,,,,Federal Way,,,,,,,,28531 20th Avenue S
,,,,,,,,,,,,98003,,,2,,,,Federal Way,,,,,,,,33030 22nd Pl. S
48856589,,,,84991,1,,,,47.345951,-122.310084,,98003,,,1,,,,Federal Way,,,,,,,1,1810 S 285th PL
48967321,,,1,259803,1,,,,47.343817,-122.299662,,98003,,,4,,,,Federal Way,,,,,,,1,28636 25th Place South
48721426,,,,104626,1,,,,47.314057,-122.327391,,98003,,,3,,,,Federal Way,,,,,,,,507 S 321st St
49072065,,,1,172844,,1,,,47.286503,-122.36059,,98023,,,3,,,,Federal Way,,,,,,,,1951 S. W. 351st
48664704,,,,273844,,,,,47.342527,-122.297296,,98003,,,3,,,,Federal Way,,,,,,,,28825 28th PL S.
,,,1,,,,,,,,,98001,,,2,,,,Federal Way,,,,,,,,32200 Military Road South
,,,1,,,,,,,,,98001,,,1,,,,Federal Way,,,,,,,,32200 Military Road South
,,,1,,,,,,,,,98001,,,3,,,,Federal Way,,,,,,,,32200 Military Road South
48709233,,,1,247310,,1,,,47.28152,-122.332425,,98003,,,3,,,,Federal Way,,,,,,,,148 S 358 St
48674948,,,1,229136,,1,,,47.330124,-122.316198,,98003,,,2,,,,Federal Way,,,,,,,,30337 14th Avenue South
48869725,,,1,182022,,1,,,47.317903,-122.333041,,98003,,,3,,,,Federal Way,,,,,,,,31630 1st Pl S
49002017,,,1,235028,1,1,,,47.293201,-122.354165,,98023,,,3,,,,Federal Way,,,,,,,1,1426 SW 344th Place
2122348361,,,1,None,,,,,47.323859,-122.359017,,98023,,,3,,,,Federal Way,,,,,,,,31004 19th Place SW
2122348361,,,1,None,,,,,47.323859,-122.359017,,98023,,,3,,,,Federal Way,,,,,,,,31004 19th PL SW
2122348361,,,1,None,,,,,47.323859,-122.359017,,98023,,,3,,,,Federal Way,,,,,,,,31004 19th PL SW
48929810,,,,230870,,,,,47.349072,-122.306179,,98003,,,4,,,,Federal Way,,,,,,,,2020 S 282nd St.
49070695,,,,195847,1,,,,47.318642,-122.325835,,98003,,,3,,,,Federal Way,,,,,,,1,616 S. 316th Place
49119225,,,1,203580,,1,,,47.298093,-122.381402,,98023,,,3,,,,Federal Way,,,,,,,,3808 339th SW St
,,,1,,,,,,,,,98003,,,3,,,,Federal Way,,,,,,,,431 S 321ST PL # U-1
48805346,,,1,269238,,1,,,47.330112,-122.318412,,98003,,,3,,,,Federal Way,,,,,,,,30321 13th Ave. S.
,TRUE,,1,,1,,,,,,,98023,,,3,,,,Federal Way,,,,,1,,,14th Ave SW
,,,,,,,,,,,,98003,,,3,,,,Federal Way,,,,,,,,28827 28th PL S.
49064627,,,,457024,,,,,47.344592,-122.313693,,98003,,,2,,,,Federal Way,,,,,,,,28631 16th Ave South
49119317,,,,239576,,,,,47.299999,-122.384008,,98023,,,4,,,,Federal Way,,,,,,,,3941 SW 336th Pl
49001960,,,,258152,,,,,47.29195,-122.35205,,98023,,,3,,,,Federal Way,,,,,,,,34605 14th Place SW
,,,1,,1,,,,,,,98003,,,4,,1,,Federal Way,,,,,1,,,31710 12th Place SW
63336740,,,,153113,,1,,,47.30381,-122.345428,,98023,,,2,,,,Federal Way,,,,,,,,33020 10th Ave SW
48709217,,,,214657,1,,,,47.281872,-122.330716,,98003,,,3,,,,Federal Way,,,,,,,,221 S. 357th St.
49100848,,1,,272053,,,,,47.314146,-122.389386,,98023,,,4,,,,Federal Way,,,,,,,,4322 SW 321st St
49112345,,,,203667,1,,,,47.306012,-122.364253,,98023,,,3,,1,,Federal Way,,,,,,,,2406 SW 331st ST
49122782,,,1,98323,,1,,,47.310572,-122.328417,,98003,,,2,,,,Federal Way,,,,,,,1,412 South 325th
49112505,,,1,221759,1,1,,,47.308099,-122.367771,,98023,,,5,,,,Federal Way,,,,,,,,2700 SW 328th St
49128239,,,1,157028,,1,,,47.303727,-122.365871,,98023,,,3,,,,Federal Way,,,,,,,1,33305 26th Ave SW
,,,1,,,,,,,,,98003,,,2,,,,Federal Way,,,,,,,,29505 21st Ave. South #4
48737615,,,1,231466,,,,,47.312993,-122.325657,,98003,,,4,,,,Federal Way,,1,,,,,,32225 8th Ave S
48674930,,,1,231162,,,,,47.331565,-122.321958,,98003,,,3,,,,Federal Way,,,,,,,1,829 S Dash Point Road
63336740,,,1,153113,1,,,,47.30381,-122.345428,,98023,,,1,,,,Federal Way,,,,,,,1,33020 10th Avenue SW
48741093,,,1,82761,,1,,,47.317814,-122.300667,,98003,,,2,,,,Federal Way,,,,,,,,2506 S. 317th St.
48870872,,,,203690,1,,,,47.326622,-122.333589,,98003,,,4,,,,Federal Way,,,,,,,,30640 1st Place South
48937219,,,,230761,,,,,47.318182,-122.37188,,98023,,,4,,,,Federal Way,,,,,,,,3006 SW 317th St.
,,,,,,1,,,,,,98003,,,5,,1,,Federal Way,,,,,,,,33411 26th Ave. So.
48652099,,,1,261310,1,1,,,47.284036,-122.30178,,98003,,,3,,,,Federal Way,,,,,,,,35424 25th Pl S
63335678,,,,79192,1,,,,47.324765,-122.32034,,98003,,,2,,,,Federal Way,,,,,,,,1003 S 308th Street
2103643174,,,,None,,,,,47.32052,-122.3332,,98003,,,1,,,,Federal Way,,,,,,,,31500 1st. Avenue South
49121786,,,,291781,,,,,47.306714,-122.33672,,98023,,,5,,,,Federal Way,,,,,,,,32934 2nd Pl SW
63336905,,,,87108,,,,,47.323361,-122.316908,,98003,,,2,,,,Federal Way,,,,,,,,31003 14th Ave S
48981455,,,1,202379,,,,,47.313877,-122.323504,,98003,,,3,,,,Federal Way,,,,,,,,32141 9th Ave S
48942412,,,1,262178,,1,,,47.284289,-122.350852,,98023,,,4,,,,Federal Way,,,,,,,,35403 12th Ave SW
48808850,,,,230513,,,,,47.30023,-122.367808,,98023,,,4,,,,Federal Way,,,,,,,,33606 27th PL SW
,,,,,,,,,,,,98023,,,4,,,,Federal Way,,,,,,,,33rd Place SW
48948819,,,,109972,,,,,47.31393,-122.390564,,98023,,,2,,,,Federal Way,,,,,,,1,32133 45th Pl. SW
49074674,,,1,227850,,1,,,47.333436,-122.299017,,98003,,,3,,,,Federal Way,,,,,,,,2650 South 300th Street
67705219,,,1,188439,,,,,47.344783,-122.288688,,98003,,,3,,,,Federal Way,,,,,,,,22 Ave So. # A
48652613,,,1,218498,,1,,,47.308423,-122.355026,,98023,,,3,,1,,Federal Way,,1,,,,,,1539 SW 327th St
,,,1,,,1,,,,,,98003,,,2,,,,Federal Way,,,,,,,,29421 Pacific Hwy South
,,,1,,,1,,,,,,98003,,,1,,,,Federal Way,,,,,,,,29421 Pacific Hwy South
,,,,,,,,,,,,98003,,,6,,,,Federal Way,,,,,,,,S 293rd Place
,,,,,,,,,,,,98003,,,2,,,,Federal Way,,,,,,,,33913 28th Place SW
48808860,,,,245074,,,,,47.299872,-122.369747,,98023,,,4,,,,Federal Way,,,,,,,,33618 28th Ave SW
49087810,,,1,150958,1,,,,47.31614,-122.3582,,98023,,,2,,,,Federal Way,,1,,,,,,31844 18th Ave SW
,,,,,,1,,,,,,98023,,,3,,,,Federal Way,,,,,,,,41st Ave SW
48705055,,,,261602,,1,,,47.303439,-122.37453,,98023,,,4,,,,Federal Way,,,,,,,,3307 SW 333rd St
49128240,,,1,165460,,,,,47.303611,-122.36584,,98023,,,3,,,,Federal Way,,,,,,,,33307 26th Ave SW
48794171,,,,196119,,,,,47.277025,-122.305939,,98003,,,1,,,,Federal Way,,,,,,,,36202 21st Place South
48664719,,,,279450,,,,,47.342527,-122.296668,,98003,,,3,,,,Federal Way,,,,,,,1,28824 28th Pl S
,,,,,,,,,,,,98003,,,3,,,,Federal Way,,,,,,,1,28826 28th Pl S
2104438679,,,1,217726,,,1,,47.346043,-122.301785,,98003,,,1,,,,Federal Way,,,,,,,1,28623 Military Road South
2104438679,,,1,217726,,,1,,47.346043,-122.301785,,98003,,,2,,,,Federal Way,,,,,,,1,28623 Military Road South
48652859,,,,244199,,,,,47.3073,-122.360488,,98023,,,3,,,,Federal Way,,,,,,,,32811 20th Ave SW
48704788,,,,198065,,,,,47.301287,-122.377495,,98023,,,3,,,,Federal Way,,,,,,,,33578 36th Ave SW
65228398,,,1,326280,,,,,47.305198,-122.28347,,98001,,,5,,,,Federal Way,,,,,,,,33067 41st Place S.
49022427,,,1,308963,,,,,47.266216,-122.3098,,98003,,,5,,,,Federal Way,,,,,,,,1925 S 374th Place
48783367,,,,154895,,,,,47.287589,-122.300731,,98003,,,3,,,,Federal Way,,,,,,,,34927 26th Ave S
48704775,,,,260662,,,,,47.302705,-122.376802,,98023,,,5,,,,Federal Way,,,,,,,,33315 35th Ave. Sw.
72494534,,,1,97352,,1,,,47.316925,-122.361384,,98023,,,2,,,,Federal Way,,,,,,,,2111 SW 318th Place
48860646,,,,207066,1,,,,47.295457,-122.361648,,98023,,,3,,,,Federal Way,,,,,,,,2113 SW 342nd St.
,,1,1,,1,,,,,,,98003,,,2,,1,,Federal Way,,1,,,,,,31420 23rd Ave. S
,,,1,,1,,,,,,,98003,,,2,,,1,Federal Way,,1,,,,,1,31580 23rd Avenue S
49064497,,,1,253716,,1,,,47.318943,-122.318759,,98003,,,5,,,,Federal Way,,,,,,,1,1227 S 315th St.
72289700,,,1,83033,,,,,47.314152,-122.391083,,98023,,,3,,,,Federal Way,,,,,,,,32140 45th Pl SW
48789704,,,1,317189,1,,,,47.274586,-122.30208,,98003,,,1,,,,Federal Way,,,,,,,1,2503 S 364th Place
48757939,,,1,197139,,,,,47.327441,-122.345024,,98023,,,3,,,,Federal Way,,1,,,,,,30603 7th Ave SW
48814593,,,,197329,,1,,,47.331233,-122.338788,,98023,,,3,,,,Federal Way,,,,,,,1,30144 3rd Place SW
63127577,,,1,423310,,1,,,47.303956,-122.280985,,98001,,,7,,,,Federal Way,,,,,,,,33207 43rd Place South
49074712,,,1,276797,,1,,,47.330365,-122.301531,,98003,,,4,,,,Federal Way,,,,,,,,30328 24th Pl. S.
48929790,,,,210600,1,,,,47.347052,-122.307012,,98003,,,3,,,,Federal Way,,,,,,,,28316 20th Ave S.
49099924,,1,,248274,1,,,,47.31154,-122.370349,,98023,,,4,,,1,Federal Way,,,,,,,,32318 29th Ave SW
48929687,,,,235059,1,,,,47.345976,-122.306467,,98003,,,4,,,,Federal Way,,,,,,,,2016 S. 285th St.
,,,,,1,1,,,,,,98003,,,4,,,,Federal Way,,,,,,,,33802 35th Ave. SW
49050985,,,,275749,,1,,,47.333393,-122.301796,,98003,,,5,,,,Federal Way,,,,,,,,29852 24th PL S
48950518,,,1,249905,,,,,47.336482,-122.31584,,98003,,,3,,,,Federal Way,,,,,,,,1161 S. 229th Pl
48778308,,,,247762,1,,,,47.318996,-122.394485,,98023,,,3,,,,Federal Way,,,,,,,1,4745 315th Pl. SW
48981428,,,1,211201,1,,,,47.313997,-122.321124,,98003,,,3,,,,Federal Way,,,,,,,1,32126 10 Ave S
,,,,,,,,,,,,98001,,,4,,,,Federal Way,,,,,,,,2796 South 374th Place
67684922,,,1,135301,,1,,,47.335121,-122.311515,,98003,,,2,,,,Federal Way,,1,,,,,1,29645 18th Ave. S.
48757829,,,1,215484,1,1,,,47.328892,-122.348764,,98023,,,4,,,,Federal Way,,1,,,,,,30501 12TH PL SW
,,,,,,,,,,,,98023,,,4,,,,Federal Way,,,,,,,,1322 SW 347th PI
63335678,,,1,79192,1,,,,47.324765,-122.32034,,98003,,,2,,,,Federal Way,,,,,,,1,1003 S.308th St
49128271,,,,156402,,,,,47.303016,-122.363666,,98023,,,3,,,,Federal Way,,,,,,,,33402 24th Ave. SW
49122147,,,1,325575,,1,,,47.309353,-122.350549,,98023,,,4,,,,Federal Way,,,,,,,,1203 SW 325th Place
2111071648,,,,183398,,1,,,47.338023,-122.310725,,98003,,,3,,,,Federal Way,,,,,,,,29413 18th Ave S
49090264,,,,239667,1,,,,47.317862,-122.322359,,98003,,,4,,,,Federal Way,,,,,,,1,31617 9th Ave S
68480476,,,,285085,,,,,47.301219,-122.284458,,98001,,,4,,,,Federal Way,,,,,,,,33510 39th Ave S
48682200,,,,209108,1,1,,,47.330679,-122.3289,,98003,,,3,,,,Federal Way,,,,,,,,30216 4th Ave S
63339626,,,,155522,1,,,,47.305411,-122.309264,,98003,,,2,,,,Federal Way,,,,,,,,1825 S 330th Street
2113326157,,,1,None,1,,,,47.341597,-122.296824,,98003,,,3,,1,,Federal Way,,,,,,,,29016 28th PL S
49122737,,,,97223,,,,,47.31247,-122.328376,,98003,,,3,,,,Federal Way,,,,,,,,32303 4th Place South # M8
48808878,,,1,303993,,,,,47.298557,-122.371818,,98023,,,4,,,,Federal Way,,,,,,,,33753 29th Court SW
,,,,,,,,,,,,98003,,,3,,1,1,Federal Way,,,,,,,,28817 28th Pl
49060792,,,1,172437,,,,,47.317946,-122.394496,,98023,,,3,,,,Federal Way,,,,,,,,31734 48th Ln SW
,,,1,,1,1,,,,,,98023,,1,3,,,1,Federal Way,,,,,,,1,28817 28th Pl
49123544,,,1,225321,,,,,47.282875,-122.358228,,98023,,,3,,,,Federal Way,,,,,,,,1807 SW 355th PL
48662036,,,1,216755,1,1,,,47.331433,-122.318381,,98003,,,3,,,,Federal Way,,1,,,,,,30207 13th Ave S.
49122718,,,,89873,,,,,47.312664,-122.328077,,98003,,,3,,,,Federal Way,,,,,,,,408 S. 323rd St.
48942603,,,,217753,,1,,,47.287668,-122.367693,,98023,,,4,,1,,Federal Way,,,,,,,,2640 SW 351st St.
49064587,,,,234923,,,,,47.318857,-122.321122,,98003,,,4,,,,Federal Way,,,,,,,,31511 10th Ave S
2111738996,,,1,88126,,1,,,47.300631,-122.358234,,98023,,,1,,,,Federal Way,,,,,,,1,1900 SW Campus Drive
48882869,,,,198934,,,,,47.317689,-122.319063,,98003,,,3,,,,Federal Way,,,,,,,,1038 South 317th Street
63094947,,,,316390,,,,,47.31469,-122.285941,,98001,,,4,,,,Federal Way,,,,,,,,3746 S. 321st Street
63094947,,,,316390,,,,,47.31469,-122.285941,,98001,,,4,,,,Federal Way,,,,,,,,3746 S. 321st Street
49002017,,,1,235028,1,1,,,47.293201,-122.354165,,98023,,,3,,,,Federal Way,,,,,1,,,1426 SW 344th Pl.
,,,1,,1,,,,,,,98023,,,2,,,,Federal Way,,,,,1,,,4226 S 146th St
48652936,,,1,296280,,,,,47.304858,-122.358543,,98023,,,4,,1,,Federal Way,,,,,,,,1816 SW 331 Pl.
,,,1,,,,,,,,,98001,,,4,,,,Federal Way,,,,,,,,38037 39th Ave S.
,,,,,1,,,1,,,,98003,,,2,,,,Federal Way,,,,,,,1,1001 South 336th Street
63336905,,,,87108,,,,,47.323361,-122.316908,,98003,,,1,,,,Federal Way,,,,,,,,31003 14th Ave S
,,,1,,,1,,,,,,98003,,,4,,,,Federal Way,,,,,,,1,909 S.w 364th Pl.
48907535,,,,229926,,1,,,47.344755,-122.275685,,98001,,,2,,,,Federal Way,,,,,,,,28614 46th Ave. S.
48653224,,,,246092,,,,,47.29608,-122.366521,,98023,,,3,,,,Federal Way,,,,,,,,2720 SW 341 St.
48942625,,,1,206725,,1,,,47.286556,-122.367457,,98023,,,3,,,,Federal Way,,,,,,,,2637 SW 351st Pl
,,,,,1,,,,,,,98003,,,4,,,,Federal Way,,,,,,,,28804/28806 28th Pl S
48890773,,1,,242622,1,,,,47.285897,-122.280036,,98001,,,5,,,1,Federal Way,,,,,,,1,4231 S. 352nd Street
49070674,,,,189608,,1,,,47.317818,-122.324902,,98003,,,3,,,,Federal Way,,,,,,,1,31635 7th Place South
,,,,,,,,,,,,98003,,,4,,,,Federal Way,,,,,,,,31029 12th Ave SW
48948819,,1,1,109972,,,,,47.31393,-122.390564,,98023,,,3,,,1,Federal Way,,,,,1,,,32133 45th Place SW
,,,,,,,,,,,,98001,,,2,,,,Federal Way,,,,,,,,28616 46th Ave S
49089868,,,1,203633,,,,,47.295887,-122.371743,,98023,,,4,,,,Federal Way,,,,,,,,3003 SW 341st St
48793135,,,,203332,1,,,,47.327534,-122.329677,,98003,,,4,,,,Federal Way,,,,,,,,30609 4th Ave S
48926515,,,1,257790,,1,,,47.317432,-122.355376,,98023,,,3,,,,Federal Way,,,,,,,,31811 14th Way SW
84757537,,,1,324321,,1,,,47.281494,-122.356364,,98023,,,4,,,,Federal Way,,,,,1,,,1719 SW 357th CT
48950322,TRUE,,,268523,,,,,47.327425,-122.353584,,98023,,,4,,,,Federal Way,,,,,,,,1427 SW 306th St
48854542,,,,90482,,,,,47.297975,-122.334032,,98003,,,1,,,,Federal Way,,,,,,,,103 S. 340th St.
63335953,,,,147450,,,,,47.305131,-122.310542,,98003,,,2,,,,Federal Way,,,,,,,,33025 18th Pl S
48887690,,,1,224546,,1,,,47.336501,-122.308741,,98003,,,3,,,,Federal Way,,,,,,,,1913 S. 296th St.
49122746,,,1,104744,,,,,47.312344,-122.328376,,98003,,,3,,,,Federal Way,,,,,,,1,32323 4th Pl S
2109219350,,,1,166678,,,,,47.310554,-122.328369,,98003,,,3,,,,Federal Way,,,,,,,,418 s 325th pl
,,,,,1,,,1,,,,98003,,,1,,,,Federal Way,,,,,,,1,1001 South 336th Street
,,,1,,,,,,,,,98003,,,3,,,,Federal Way,,1,,,,,,428 325th Avenue
49100196,,,,304359,,1,,,47.309335,-122.381846,,98023,,,4,,,,Federal Way,,,,,,,,32713 39th Avenue SW
2111738996,,,1,88126,,1,,,47.300631,-122.358234,,98023,,,3,,,,Federal Way,,,,,,,1,1900 SW Campus Drive
2111738996,,,1,88126,,1,,,47.300631,-122.358234,,98023,,,2,,,,Federal Way,,,,,,,1,1900 SW Campus Drive
2111738996,,,1,88126,,1,,,47.300631,-122.358234,,98023,,,2,,,,Federal Way,,,,,,,1,1900 SW Campus Drive
,,,,,,,,,,,,98027,,,1,,,,Issaquah,,,,,,,,18305 SE Newport Way
2119441834,,1,,None,1,,,1,47.545445,-122.016998,,98029,,,1,,,,Issaquah,,1,,,,,1,949 NE Ingram Way
2119441834,,1,,None,1,,,1,47.545445,-122.016998,,98029,,,2,,,,Issaquah,,1,,,,,1,949 NE Ingram Way
,,,,,,,,,,,,98027,,,2,,,,Issaquah,,,,,,,,18305 SE Newport Way
,,,,,,,,,,,,98027,,,3,,,,Issaquah,,,,,,,,18305 SE Newport Way
,,,1,,,,,,,,,98029,,,2,,,,Issaquah,,,,,1,,,1660 24th PL NE
,,,1,,,,,,,,,98029,,,1,,,,Issaquah,,,,,1,,,1660 24th PL NE
,,,1,,,,,,,,,98029,,,3,,,,Issaquah,,,,,1,,,1660 24th PL NE
49070885,,,,291725,1,1,,,47.548867,-122.073263,,98027,,,3,,,,Issaquah,,1,,,1,,,2114 NW Pacific Elm Dr.
,,,,,,1,,,,,,98027,,,1,,,,Issaquah,,,,,,,1,245 SW Clark Street
,,,,,,1,,,,,,98027,,,2,,,,Issaquah,,,,,,,1,245 SW Clark Street
,,,,,,1,,,,,,98027,,,3,,,,Issaquah,,,,,,,1,245 SW Clark Street
2119657582,,,,None,,1,,,47.528232,-122.041374,,98027,,,2,,,,Issaquah,,,,,,,1,280 SW Clark Street
2119657582,,,,None,,1,,,47.528232,-122.041374,,98027,,,3,,,,Issaquah,,,,,,,1,280 SW Clark Street
,,,,,,1,,,,,,98027,,,1,,,,Issaquah,,,,,,,1,820 Front St S
,,,,,,1,,,,,,98027,,,2,,,,Issaquah,,,,,,,1,820 Front Street
,,,,,,1,,,,,,98027,,,3,,,,Issaquah,,,,,,,1,820 Front Street
,,,,,,,,,,,,98027,,,2,,,,Issaquah,,,,,,,,18305 SE Newport Way
,,,,,,1,,,,,,98027,,,4,,,,Issaquah,,,,,,,,341 Shangri La Dr NW
,,,,,,1,,,,,,98027,,,3,,,,Issaquah,,,,,,,,341 Shangri La Dr NW
,,,,,,1,,,,,,98027,,,2,,,,Issaquah,,,,,,,,341 Shangri La Dr NW
,,,,,,1,,,,,,98027,,,1,,,,Issaquah,,,,,,,,341 Shangri La Dr NW
,,,,,,1,,,,,,98029,,,5,,,,Issaquah,,,,,,,,4575 Klahanie Dr SE
,,,,,,1,,,,,,98029,,,4,,,,Issaquah,,,,,,,,4575 Klahanie Dr SE
,,,,,,1,,,,,,98029,,,3,,,,Issaquah,,,,,,,,4575 Klahanie Dr SE
,,,,,,1,,,,,,98029,,,2,,,,Issaquah,,,,,,,,4575 Klahanie Dr SE
,,,,,,1,,,,,,98029,,,1,,,,Issaquah,,,,,,,,4575 Klahanie Dr SE
,,,,,,1,,,,,,98029,,,0,,,,Issaquah,,,,,,,,4575 Klahanie Dr SE
,TRUE,1,1,,1,1,1,1,,,,98027,,1,0,,,1,Issaquah,TRUE,1,1,1,1,1,1,3607 228th Ave SE
,TRUE,1,1,,1,1,1,1,,,,98027,,1,1,,,1,Issaquah,TRUE,1,1,1,1,1,1,3607 228th Ave SE
,TRUE,1,1,,1,1,1,1,,,,98027,,1,2,,,1,Issaquah,TRUE,1,1,1,1,1,1,3607 228th Ave SE
,,,,,,,,,,,,98029,,,3,,,,Issaquah,,,,,,,,23235 SE Klahanie Blvd
2123579307,,,,None,1,,,,47.755916,-122.233687,,98028,,,1,,,,Kenmore,,,,,,,,17525 80th Ave NE
2123579307,,,,None,1,,,,47.755916,-122.233687,,98028,,,2,,,,Kenmore,,,,,,,,17525 80th Ave NE
,,,1,,1,,,,,,,98028,,,1,,,,Kenmore,,1,,,,,1,7111 NE 181st
48653535,,1,,None,1,1,,,47.760435,-122.245463,,98028,,1,1,,,,Kenmore,,,,,1,,,7025 NE 182nd St
48653535,,1,1,None,1,1,,,47.760435,-122.245463,,98028,,1,2,,,,Kenmore,,,,,1,,,7025 NE 182nd St
,,,,,,,,,,,,98028,,,1,,1,,Kenmore,,,,,,,,7021 NE 182nd St
,,,1,,,,,,,,,98028,,,2,,1,,Kenmore,,,,,,,,7021 NE 182nd St
,,,1,,,,,,,,,98028,,,3,,1,,Kenmore,,,,,,,,7021 NE 182nd Street
48882216,,,,430888,,,,,47.732866,-122.245419,,98028,,,5,,,,Kenmore,,,,,,,,14337 73rd Ave NE
80260706,,,1,186133,,,,,47.7621,-122.251121,,98028,,,2,,,,Kenmore,,,,,,,,6700 NE 182nd Street
2120299348,,,,335859,,,,,47.755786,-122.230903,,98028,,,2,,,,Kenmore,,,,,,,,8044 Bothell Way NE
48653650,,,1,454614,,1,,,47.755786,-122.230227,,98028,,,4,,,,Kenmore,,,,,,,1,17607 83rd Ave NE
,,1,,,,,,,,,,98031,,,1,,,1,Kent,,1,,,,,,22416 88th Ave. S.
,,1,,,,,,,,,,98031,,,3,,,1,Kent,,1,,,,,1,22416 88th Ave. S.
2111046998,,,1,None,1,,,,47.36805,-122.18949,,98030,,,1,,,,Kent,,,,,,,,11328 SE Kent Kangley Rd.
2111046998,,,1,None,1,,,,47.36805,-122.18949,,98030,,,1,,,,Kent,,,,,,1,1,11328 SE Kent Kangley Rd.
2111046998,,,1,None,,,,,47.36805,-122.18949,,98030,,,2,,,,Kent,,,,,,,1,11328 SE Kent Kangley Rd
2111046998,,,1,None,1,,,,47.36805,-122.18949,,98030,,,3,,,,Kent,,,,,,,1,11328 SE Kent Kangley Rd.
,,,,,,,,,,,,98032,,,1,,,,Kent,,1,,,,,,25919 25th Lane S
,,,,,,,,,,,,98032,,,2,,,,Kent,,,,,,,,25919 25th Lane S
66650901,,1,,279701,,,,,47.360811,-122.198457,,98030,,,4,,,,Kent,,,,,,,,26827 107th Ave SE
,,,,,,,,,,,,98031,,,2,,,,Kent,,,,,,,1,112th Ave SE
,,,,,,1,,,,,,98032,,,4,,,,Kent,,,,,,,,23708 Military Rd S
49090003,,,,285784,,,,,47.394833,-122.185147,,98031,,,3,,,,Kent,,,,,,,,11710 SE 231st Place
2105097011,,,1,214097,,,,,47.38829,-122.197296,,98031,,,2,,,,Kent,,,,,1,,,10705 238th Ave SE
48833780,,,,76279,,1,,,47.362725,-122.228214,,98030,,,2,,,,Kent,,,,,,,,1856 S Central Pl
48829151,,,,289948,,,,,47.361829,-122.182635,,98030,,,4,,,,Kent,,,,,,,,11904 SE 268th St.
49085289,,,,216586,,,,,47.419306,-122.203219,,98031,,,3,,,,Kent,,,,,,,1,20404 103rd Ave SE
,,,,,,,,,,,,98032,,,1,,,,Kent,,,,,,,1,25818 26th Place S.
,,,,,,,,,,,,98032,,,2,,,,Kent,,,,,,,,25818 26th Place S.
,,,,,,,,,,,,98032,,,3,,,,Kent,,,,,,,1,25818 26th Place S.
48949228,,,,232536,,,,,47.399103,-122.181756,,98031,,,4,,,,Kent,,,,,,,,22609 120th Ave SE
49099569,,,,129220,,,,,47.371514,-122.18868,,98030,,,3,,1,,Kent,,,,,,,,11444 SE 257th PL
65801539,,,1,299693,,1,,,47.429577,-122.190102,,98031,,,4,,,,Kent,,,,,,,1,19326 113th Ave SE
48964577,,,,265616,1,1,,,47.355499,-122.158401,,98042,,,3,,,,Kent,,,,,,,,13637 SE 274th Pl
,,1,1,,,,1,,,,,98031,1,,2,,,,Kent,,1,,,1,1,1,22416 88th Ave S.
48943763,,,,262303,1,1,,,47.365119,-122.16582,,98030,,,3,,,,Kent,,1,,,1,,,26404 131st Pl. SE
